0.03333333333333333,0.15639972519310458,0.2454997251931046,1.3543528922453574e-17,4.691991755793137,4.364991755793137,4.0630586767360723e-16,140.7597526737941,130.9497526737941,1.2189176030208216e-14,0.0682
0.06666666666666667,0.39264040673932055,0.4599404067393206,3.40009338138682e-17,7.087220446386479,6.433220446386479,6.137221467424388e-16,71.85686071780026,62.046860717800264,6.222488372064945e-15,0.0682
0.1,0.6961922331959067,0.7307922331959068,6.028718806401082e-17,9.106554793697587,8.125554793697587,7.885876275042788e-16,60.58003041933323,50.770030419333224,5.2459644228552005e-15,0.0682
0.13333333333333333,1.1012194583256742,1.0922194583256744,9.53607659181487e-17,12.150816753893029,10.842816753893029,1.0522073356241364e-15,91.32785880586326,81.51785880586326,7.908591243595731e-15,0.0682
0.16666666666666666,1.6711138576635451,1.6076138576635453,1.447111165702805e-16,17.096831980136127,15.461831980136125,1.4805105195639538e-15,148.38045678729293,138.57045678729293,1.284909551819452e-14,0.0682
0.19999999999999998,2.480934834148851,2.352034834148851,2.1483805447567964e-16,24.294629294559176,22.332629294559172,2.1038081371619744e-15,215.93391943269145,206.12391943269145,1.8698928527940622e-14,0.0682
0.2333333333333333,3.599728110645367,3.394528110645367,3.117206358214505e-16,33.563798294895484,31.274798294895483,2.9064774403731264e-15,278.0750700100893,268.2650700100893,2.4080079096334563e-14,0.0682
0.26666666666666666,5.072784188872581,4.780384188872581,4.392808190329866e-16,44.191682346816435,41.575682346816436,3.826805496346083e-15,318.83652155762854,309.02652155762854,2.7609841679188684e-14,0.0682
0.3,6.904049431019372,6.5135494310193724,5.978603417340436e-16,54.937957264403735,51.99495726440373,4.757385681031712e-15,322.3882475276189,312.5782475276188,2.7917405540568882e-14,0.0682
0.3333333333333333,9.0399366194065,8.540436619406501,7.82818786356007e-16,64.07661565161386,60.80661565161385,5.548753338658901e-15,274.1597516163037,264.3497516163037,2.374102972881567e-14,0.0682
0.36666666666666664,11.391770617555114,10.772370617555115,9.864772757517396e-16,70.55501994445841,66.9580199444584,6.109754681871977e-15,194.35212878533653,184.54212878533653,1.683004029639227e-14,0.0682
0.39999999999999997,13.90300250908175,13.15280250908175,1.20393892225966e-15,75.33695674579909,71.41295674579908,6.523849395237612e-15,143.45810404022055,133.64810404022055,1.2422841400969045e-14,0.0682
0.4333333333333333,16.55410475151065,15.66220475151065,1.4335127265127402e-15,79.53306727286699,75.28206727286698,6.887214127592407e-15,125.88331581203691,116.07331581203691,1.0900941970643858e-14,0.0682
0.4666666666666666,19.33283359189845,18.28833359189845,1.6741384333097447e-15,83.36186521163398,78.78386521163398,7.218771203910133e-15,114.86393816300999,105.05393816300999,9.946712289531768e-15,0.0682
0.49999999999999994,22.22813005442525,21.020130054425252,1.9248583839419732e-15,86.85889387580407,81.95389387580407,7.521598518966853e-15,104.91085992510261,95.10085992510261,9.084819451701613e-15,0.0682
0.5333333333333333,25.230071068114885,23.847671068114888,2.184813284068599e-15,90.05823041068908,84.82623041068906,7.798647003798767e-15,95.98009604654997,86.17009604654997,8.311454544957427e-15,0.0682
0.5666666666666667,28.329813861638712,26.762113861638714,2.4532373885510275e-15,92.9922838057148,87.4332838057148,8.05272313447285e-15,88.0216018507717,78.2116018507717,7.622283920222504e-15,0.0682
0.6,31.519535067880682,29.755635067880682,2.729453228175829e-15,95.69163618725908,89.80563618725907,8.286475188744047e-15,80.98057144632834,71.17057144632834,7.0125616281359085e-15,0.0682
0.6333333333333333,34.79236580203155,32.82136580203154,3.012865987702989e-15,98.18492202452593,91.97192202452592,8.502382785814789e-15,74.79857511800557,64.98857511800557,6.47722791212224e-15,0.0682
0.6666666666666666,38.142323803904745,35.95332380390474,3.3029576296886535e-15,100.49874005619589,93.95874005619588,8.702749259569937e-15,69.41454095009873,59.60454095009872,6.0109942126544644e-15,0.0682
0.7,41.56424357297557,39.14634357297556,3.599280844486538e-15,102.65759307212467,95.79059307212466,8.889696443936515e-15,64.76559047786337,54.95559047786337,5.608415530997357e-15,0.0682
0.7333333333333333,45.053705276600915,42.39600527660091,3.901452894012157e-15,104.68385110876042,97.48985110876042,9.065161485768572e-15,60.787741099072576,50.977741099072574,5.263951254961709e-15,0.0682
0.7666666666666666,48.6069630797838,45.6985630797838,4.209149405415381e-15,106.5977340954867,99.0767340954867,9.230895342096742e-15,57.416489601788506,47.6064896017885,4.972015689845098e-15,0.0682
0.7999999999999999,52.22087342936438,49.05087342936438,4.5220981608065245e-15,108.41731048741734,100.56931048741734,9.38846266173429e-15,54.58729175791922,44.777291757919215,4.7270195891263974e-15,0.0682
0.8333333333333333,55.89282372644107,52.45032372644107,4.840072920601452e-15,110.1585089123007,101.9835089123007,9.539242793847833e-15,52.23595274650082,42.42595274650082,4.523403963406343e-15,0.0682
0.8666666666666666,59.6206617373195,55.8947617373195,5.162887310819957e-15,111.83514032635286,103.33314032635286,9.684431706555149e-15,50.29894242156475,40.48894242156475,4.355667381219436e-15,0.0682
0.8999999999999999,63.40262602409266,59.38242602409266,5.490388798679713e-15,113.45892860319478,104.62992860319478,9.825044635792694e-15,48.71364830525763,38.903648305257626,4.218387877126371e-15,0.0682
0.9333333333333332,67.23727761954413,62.91187761954412,5.8224527759431424e-15,115.03954786354389,105.8835478635439,9.961919317902873e-15,47.41857781047339,37.608577810473385,4.106240463305341e-15,0.0682
0.9666666666666666,71.12343312576218,66.48193312576217,6.158976765551385e-15,116.58466518654124,107.10166518654125,1.0095719688247266e-14,46.35351968992075,36.54351968992075,4.014011110331806e-15,0.0682
0.9999999999999999,75.06009937992981,70.0915993799298,6.499874763968821e-15,118.09998762502914,108.28998762502916,1.022693995252308e-14,45.459673154636896,35.64967315463689,3.936607928274388e-15,0.0682
1.0333333333333332,79.04640980250493,73.74000980250491,6.84507172921518e-15,119.58931267725342,109.45231267725343,1.0355908957390765e-14,44.67975156672832,34.86975156672832,3.869070146030566e-15,0.0682
1.0666666666666667,83.08156252078372,77.4263625207837,7.194498222638042e-15,121.05458154836367,110.59058154836369,1.0482794802685892e-14,43.95806613330769,34.14806613330769,3.806575358853812e-15,0.0682
1.1,87.1647603431096,81.14986034310958,7.54808521094311e-15,122.49593466977642,111.70493466977643,1.0607609649152022e-14,43.2405936423825,33.4305936423825,3.74444539398391e-15,0.0682
1.1333333333333335,91.29515264433304,84.90965264433302,7.9057590337304e-15,123.9117690367033,112.79376903670332,1.0730214683618689e-14,42.475031007806614,32.66503100780661,3.67815103400005e-15,0.0682
1.166666666666667,95.47178942108548,88.70478942108545,8.267437424882866e-15,125.29910330257299,113.85410330257301,1.0850351734573977e-14,41.620027976090384,31.81002797609038,3.604111528658613e-15,0.0682
1.2000000000000004,99.6936216814424,92.53422168144236,8.63302954630951e-15,126.65496781070746,114.88296781070748,1.0967763642799358e-14,40.67593524403427,30.865935244034265,3.5223572467614223e-15,0.0682
1.2333333333333338,103.95951416339533,96.39681416339529,9.00243708930917e-15,127.9767744585879,115.87777445858791,1.1082226289989797e-14,39.65419943641288,29.84419943641288,3.4338794157131813e-15,0.0682
1.2666666666666673,108.26825771590937,100.29135771590933,9.375555346715687e-15,129.2623065754213,116.83630657542129,1.1193547722195507e-14,38.565963505001505,28.755963505001503,3.339642966171306e-15,0.0682
1.3000000000000007,112.61858132427669,104.21658132427665,9.75227425424068e-15,130.5097082510195,117.75670825101949,1.1301567225749763e-14,37.42205026794594,27.612050267945943,3.2405851066276857e-15,0.0682
1.3333333333333341,117.0091637643754,108.17116376437535,1.0132479399681147e-14,131.7174732029612,118.63747320296119,1.1406154363214051e-14,36.23294855825109,26.422948558251083,3.1376141239286608e-15,0.0682
1.3666666666666676,121.43864487317646,112.15374487317641,1.0516052998895845e-14,132.88443326403154,119.47743326403155,1.1507207976440933e-14,35.00880183211059,25.19880183211059,3.0316083968064397e-15,0.0682
1.400000000000001,125.90563642564875,116.16293642564871,1.0902874837697463e-14,134.0097465741689,120.27574657416889,1.1604655164048518e-14,33.75939930412045,23.949399304120444,2.9234156282275397e-15,0.0682
1.4333333333333345,130.40873261103,120.19733261102995,1.1292823179051645e-14,135.09288556143724,121.03188556143724,1.1698450240625499e-14,32.49416961805041,22.6841696180504,2.8138522973094113e-15,0.0682
1.466666666666668,134.94652010420054,124.2555201042005,1.1685775635213716e-14,136.13362479511645,121.74562479511643,1.1788573684862137e-14,31.2221770103758,21.412177010375796,2.703703327099151e-15,0.0682
1.5000000000000013,139.51758773057028,128.33608773057026,1.2081610004665405e-14,137.13202879109258,122.41702879109258,1.1875031083550664e-14,29.952119879284382,20.142119879284376,2.5937219606557823e-15,0.0682
1.5333333333333348,144.1205357254226,132.43763572542255,1.2480205073933343e-14,138.08843984556916,123.04643984556914,1.1957852078038119e-14,28.692331634297062,18.88233163429706,2.4846298346236766e-15,0.0682
1.5666666666666682,148.75398459102018,136.55878459102016,1.2881441384575513e-14,139.00346596792787,123.63446596792784,1.2037089319265138e-14,27.450783670761105,17.640783670761103,2.3771172368105963e-15,0.0682
1.6000000000000016,153.41658355693886,140.69818355693886,1.3285201965808976e-14,139.87796897756067,124.18196897756064,1.2112817437003907e-14,26.235090288984082,16.42509028898408,2.2718435321630744e-15,0.0682
1.633333333333335,158.10701865103448,144.85451865103448,1.3691373033420137e-14,140.7130528228688,124.69005282286876,1.2185132028334807e-14,25.052515359243756,15.242515359243756,2.1694377399269846e-15,0.0682
1.6666666666666685,162.8240203901533,149.02652039015328,1.4099844655746464e-14,141.51005217356413,125.1600521735641,1.2254148669789845e-14,23.909980520860064,14.099980520860061,2.0704992436511442e-15,0.0682
1.700000000000002,167.56637110115588,153.21297110115586,1.4510511387645e-14,142.2705213300776,125.59352133007755,1.2320001956956158e-14,22.814074695403697,13.004074695403695,1.9755986149893747e-15,0.0682
1.7333333333333354,172.33291188403666,157.41271188403664,1.492327287346791e-14,142.99622348642364,125.9922234864236,1.2382844574687259e-14,21.77106469038135,11.96106469038135,1.8852785319330433e-15,0.0682
1.7666666666666688,177.12254922988387,161.62464922988386,1.5338034420148717e-14,143.68912037541673,126.35812037541668,1.2442846400424288e-14,20.786906669792486,10.976906669792484,1.800054772110877e-15,0.0682
1.8000000000000023,181.93426130714357,165.84776130714357,1.5754707541565167e-14,144.35136231779126,126.6933623177912,1.2500193642493526e-14,19.867258271235844,10.057258271235842,1.7204172620771374e-15,0.0682
1.8333333333333357,186.76710393013127,170.08110393013126,1.617321047538609e-14,144.98527868963092,127.00027868963086,1.2555088014627665e-14,19.01749115518971,9.20749115518971,1.6468311640241455e-15,0.0682
1.8666666666666691,191.62021622398584,174.32381622398583,1.659346867363152e-14,145.59336881563718,127.28136881563711,1.2607745947362876e-14,18.24270378018739,8.43270378018739,1.5797379820563398e-15,0.0682
1.9000000000000026,196.49282600029304,178.57512600029304,1.701541526817807e-14,146.17829328921604,127.53929328921598,1.2658397836396473e-14,17.54773420736598,7.737734207365978,1.5195566710079303e-15,0.0682
1.933333333333336,201.3842548574323,182.83435485743232,1.7438991512426548e-14,146.74286571417798,127.77686571417792,1.2707287327454409e-14,16.937172748857982,7.127172748857982,1.4666847317380325e-15,0.0682
1.9666666666666694,206.2939217235136,187.1009217235136,1.7864147088104732e-14,147.29000598243917,127.9970059824391,1.2754667270345518e-14,16.414208047835746,6.604208047835748,1.4213982867332738e-15,0.0682
2.0000000000000027,211.22134101899277,191.3743410189928,1.8290839946157915e-14,147.8225788643754,128.20257886437534,1.2800785741595465e-14,15.97718645808726,6.16718645808726,1.383554137498437e-15,0.0682
2.033333333333336,216.1661195436878,195.65421954368784,1.8719036037178202e-14,148.34335574085142,128.39635574085136,1.2845882730608646e-14,15.623306294280553,5.813306294280553,1.3529096703954345e-15,0.0682
2.066666666666669,221.1279534403172,199.94025344031724,1.914870904846028e-14,148.85501689888198,128.58101689888193,1.2890190338462349e-14,15.34983474091666,5.539834740916658,1.3292282356110754e-15,0.0682
2.1000000000000023,226.10662523667875,204.23222523667877,1.957984014786709e-14,149.36015389084628,128.75915389084622,1.2933932982204354e-14,15.15410975892853,5.34410975892853,1.3122793122601551e-15,0.0682
2.1333333333333355,231.1020009675845,208.53000096758453,2.0012417734602053e-14,149.86127192717268,128.93327192717263,1.2977327602048921e-14,15.033541089791916,5.223541089791915,1.3018385953370445e-15,0.0682
2.1666666666666687,236.1140273767897,212.8335273767897,2.04464371969084e-14,150.36079227615537,129.10579227615528,1.3020583869190362e-14,14.985610469480173,5.175610469480172,1.2976880142432368e-15,0.0682
2.200000000000002,241.14272919838984,217.14282919838985,2.088190067665011e-14,150.8610546480045,129.27905464800443,1.3063904392251312e-14,15.007871155474483,5.197871155474482,1.29961569182851e-15,0.0682
2.233333333333335,246.18820651650256,221.45800651650256,2.131881684067196e-14,151.36431954338158,129.4553195433815,1.3107484920655563e-14,15.097946861312566,5.287946861312565,1.3074158521275275e-15,0.0682
2.2666666666666684,251.25063220148738,225.77923220148736,2.1757200658787432e-14,151.87277054954427,129.63677054954417,1.3151514543464123e-14,15.25353018488024,5.44353018488024,1.3208886842567947e-15,0.0682
2.3000000000000016,256.330249420482,230.106749420482,2.2197073188202083e-14,152.38851656983968,129.82551656983958,1.319617588243954e-14,15.472380608862474,5.662380608862473,1.3398401692625066e-15,0.0682
2.333333333333335,261.4273692196372,234.44086921963722,2.263846136414571e-14,152.91359397465646,130.02359397465636,1.3241645278308891e-14,15.75232214450376,5.942322144503759,1.3640818760805502e-15,0.0682
2.366666666666668,266.5407730853383,238.78037308533825,2.308125966869389e-14,153.40211597103112,130.18511597103102,1.328394913644538e-14,14.655659891239553,4.845659891239553,1.2691157440946504e-15,0.0682
2.4000000000000012,271.65980041225987,243.11460041225985,2.3524544940272163e-14,153.5708198076478,130.0268198076477,1.3298558147348219e-14,5.061115098500792,-4.748884901499209,4.382703270851655e-16,0.0682
2.4333333333333345,276.7551650862857,247.41426508628564,2.3965781130092264e-14,152.8609402207739,128.9899402207738,1.3237085694603077e-14,-21.29638760621736,-31.106387606217357,-1.8441735823542417e-15,0.0682
2.4666666666666677,281.77014352742634,251.6226435274263,2.440005622539188e-14,150.44935323421979,126.25135323421968,1.3028252858988552e-14,-72.34760959662376,-82.15760959662377,-6.264985068435744e-15,0.0682
2.500000000000001,286.68475088463595,255.73589438699568,2.48343313206915e-14,147.43822071628847,123.39752578708165,1.3028252858988552e-14,-90.33397553793948,-85.61482341414103,0,0.0682
2.533333333333334,291.5030698484825,259.75765725896395,2.5268606415991117e-14,144.5495689153958,120.65288615904744,1.3028252858988552e-14,-86.65955402677984,-82.33918884102603,0,0.0682
2.5666666666666673,296.2289394445856,263.6913543315077,2.5702881511290735e-14,141.7760878830932,118.01091217631256,1.3028252858988552e-14,-83.20443096907812,-79.25921948204633,0,0.0682
2.6000000000000005,300.8659741299377,267.5402074195096,2.6137156606590353e-14,139.11104056056232,115.4655926400573,1.3028252858988552e-14,-79.95141967592659,-76.35958608765803,0,0.0682
2.6333333333333337,305.4175810475074,271.30725335452667,2.657143170188997e-14,136.5482075270914,113.01137805051214,1.3028252858988552e-14,-76.8849910041278,-73.62643768635472,0,0.0682
2.666666666666667,309.88697564885643,274.9953579192681,2.7005706797189588e-14,134.08183804047093,110.64313694224339,1.3028252858988552e-14,-73.99108459861367,-71.04723324806262,0,0.0682
2.7,314.27719586708685,278.6072284891767,2.7439981892489206e-14,131.70660654691235,108.35611709725882,1.3028252858988552e-14,-71.25694480675713,-68.61059534953714,0,0.0682
2.7333333333333334,318.5911149990517,282.1454255228535,2.7874256987788824e-14,129.41757395894464,106.14591101030427,1.3028252858988552e-14,-68.67097763903173,-66.30618260863623,0,0.0682
2.7666666666666666,322.8314534357497,285.61237302521903,2.830853208308844e-14,127.21015310094099,104.00842507096596,1.3028252858988552e-14,-66.22262574010979,-64.12457818014951,0,0.0682
2.8,327.00078936264856,289.01036809198655,2.874280717838806e-14,125.0800778069644,101.93985200302629,1.3028252858988552e-14,-63.90225881929768,-62.05719203818986,0,0.0682
2.833333333333333,331.1015685368925,292.3415896308352,2.9177082273687683e-14,123.02337522731898,99.93664616545986,1.3028252858988552e-14,-61.70107738936238,-60.09617512699262,0,0.0682
2.8666666666666663,335.13611323558723,295.6081063432865,2.9611357368987304e-14,121.03634096084218,97.99550137354035,1.3028252858988552e-14,-59.611027994304045,-58.23434375758521,0,0.0682
2.8999999999999995,339.1066304583017,298.8118840414339,3.0045632464286925e-14,119.11551668143431,96.11333094442153,1.3028252858988552e-14,-57.624728382236036,-56.46511287356425,0,0.0682
2.9333333333333327,343.015219457339,301.954792365121,3.0479907559586546e-14,117.25766997111927,94.28724971061325,1.3028252858988552e-14,-55.73540130945138,-54.78243701424829,0,0.0682
2.966666666666666,346.8638786609828,305.0386109577247,3.091418265488617e-14,115.45977610931291,92.51455777811051,1.3028252858988552e-14,-53.936815854190954,-53.18075797508211,0,0.0682
2.999999999999999,350.65451204764855,308.065035152207,3.134845775018579e-14,113.71900159997269,90.79272583446856,1.3028252858988552e-14,-52.223235280206865,-51.65495830925883,0,0.0682
3.0333333333333323,354.3889350225073,311.03568121342715,3.178273284548541e-14,112.0326892457628,89.11938183660591,1.3028252858988552e-14,-50.58937062629658,-50.200319935879264,0,0.0682
3.0666666666666655,358.06887984257395,313.9520911777335,3.221700794078503e-14,110.39834460199836,87.49229892919,1.3028252858988552e-14,-49.030339312933144,-48.81248722247735,0,0.0682
3.0999999999999988,361.6960006313578,316.8157373264881,3.265128303608465e-14,108.81362366351526,85.90938446263739,1.3028252858988552e-14,-47.54162815449309,-47.48743399657835,0,0.0682
3.133333333333332,365.2718780198657,319.6280263263374,3.308555813138427e-14,107.27632165523859,84.36866999548003,1.3028252858988552e-14,-46.11906024830015,-46.22143401472086,0,0.0682
3.166666666666665,368.79802344694906,322.3903030656532,3.351983322668389e-14,105.78436281250009,82.8683021794733,1.3028252858988552e-14,-44.758765282155146,-45.01103448020203,0,0.0682
3.1999999999999984,372.27588314863,325.1038542135751,3.3954108321983514e-14,104.33579105042732,81.40653443765812,1.3028252858988552e-14,-43.457152862183094,-43.853032254455385,0,0.0682
3.2333333333333316,375.7068418630727,327.76991152543826,3.4388383417283135e-14,102.92876143328299,79.98171935589481,1.3028252858988552e-14,-42.21088851432994,-42.744452452899424,0,0.0682
3.266666666666665,379.0922262752299,330.38965491601755,3.4822658512582755e-14,101.5615323647151,78.59230171737791,1.3028252858988552e-14,-41.0168720570365,-41.68252915550701,0,0.0682
3.299999999999998,382.43330822285304,332.96421531993434,3.5256933607882376e-14,100.23245842869406,77.23681211750299,1.3028252858988552e-14,-39.87221808063126,-40.66468799624736,0,0.0682
3.3333333333333313,385.7313076834742,335.4946773567125,3.5691208703182e-14,98.93998381863553,75.91386110334373,1.3028252858988552e-14,-38.77423830175613,-39.688530424777944,0,0.0682
3.3666666666666645,388.9873955601071,337.98208181631395,3.612548379848162e-14,97.68263629898702,74.6221337880432,1.3028252858988552e-14,-37.720425589455,-38.751819459015856,0,0.0682
3.3999999999999977,392.20269628175765,340.4274279795053,3.655975889378124e-14,96.45902164951795,73.36038489574045,1.3028252858988552e-14,-36.70843948407189,-37.85246676908235,0,0.0682
3.433333333333331,395.37829023335115,342.8316757860832,3.699403398908086e-14,95.26781854780535,72.12743419733759,1.3028252858988552e-14,-35.73609305137827,-36.988520952085636,0,0.0682
3.466666666666664,398.5152160283526,345.19574786280145,3.742830908438048e-14,94.10777385004388,70.92216230154757,1.3028252858988552e-14,-34.80134093284384,-36.15815687370046,0,0.0682
3.4999999999999973,401.61447263616617,347.52053142177874,3.78625841796801e-14,92.97769823440802,69.74350676931854,1.3028252858988552e-14,-33.902268469076006,-35.359665966870885,0,0.0682
3.5333333333333306,404.677021375327,349.806880039211,3.829685927497972e-14,91.8764621748242,68.59045852296843,1.3028252858988552e-14,-33.03708178751473,-34.5914473905032,0,0.0682
3.5666666666666638,407.70378778253473,352.05561532335224,3.8731134370279344e-14,90.80299221623204,67.46205852423574,1.3028252858988552e-14,-32.20409875776452,-33.85199996198051,0,0.0682
3.599999999999997,410.69566336671056,354.2675284799524,3.9165409465578965e-14,89.75626752527484,66.35739469800454,1.3028252858988552e-14,-31.401740728716096,-33.139914786936174,0,0.0682
3.63333333333333,413.6535072564741,356.4433817826435,3.9599684560878586e-14,88.73531669290614,65.27559908073282,1.3028252858988552e-14,-30.62852497106081,-32.45386851815167,0,0.0682
3.6666666666666634,416.57814774872975,358.5839099551314,4.0033959656178207e-14,87.73921476766917,64.21584517463769,1.3028252858988552e-14,-29.883057757109274,-31.792617182853753,0,0.0682
3.6999999999999966,419.47038376541076,360.6898214714813,4.046823475147783e-14,86.76708050043116,63.17734549049738,1.3028252858988552e-14,-29.164028017140087,-31.154990524209303,0,0.0682
3.73333333333333,422.33098622484965,362.76179978026613,4.090250984677745e-14,85.81807378316599,62.15934926354507,1.3028252858988552e-14,-28.470201517955534,-30.539886808569314,0,0.0682
3.766666666666663,425.16069933371625,364.8005044578786,4.133678494207707e-14,84.89139326599866,61.16114032837522,1.3028252858988552e-14,-27.800415515019722,-29.946268055095434,0,0.0682
3.7999999999999963,427.96024180498887,366.8065722958812,4.177106003737669e-14,83.98627413817881,60.182035140078604,1.3028252858988552e-14,-27.153573834595147,-29.373155648898333,0,0.0682
3.8333333333333295,430.73030800698734,368.7806183268807,4.220533513267631e-14,83.10198605995348,59.221380929985266,1.3028252858988552e-14,-26.528642346760357,-28.81962630280016,0,0.0682
3.8666666666666627,433.4715690481034,370.72323679306203,4.263961022797593e-14,82.23783123348166,58.278553985439665,1.3028252858988552e-14,-25.92464479415438,-28.284808336368123,0,0.0682
3.899999999999996,436.184673801503,372.6350020611944,4.3073885323275553e-14,81.39314260198783,57.35295804397279,1.3028252858988552e-14,-25.340658944814646,-27.767878244006216,0,0.0682
3.933333333333329,438.87024987374633,374.51646948763056,4.3508160418575174e-14,80.56728216730087,56.444022793083214,1.3028252858988552e-14,-24.775813040608963,-27.26805752668722,0,0.0682
3.9666666666666623,441.5289045209724,376.36817623655065,4.3942435513874795e-14,79.75963941678242,55.55120246760333,1.3028252858988552e-14,-24.22928251555356,-26.784609764396556,0,0.0682
3.9999999999999956,444.1612255160198,378.19064205446125,4.4376710609174416e-14,78.9696298514224,54.673974537317285,1.3028252858988552e-14,-23.70028696080061,-26.31683790858149,0,0.0682
4.033333333333329,446.7677819696057,379.98437000373195,4.481098570447404e-14,78.19669360757894,53.81183847812116,1.3028252858988552e-14,-23.188087315303715,-25.86408177588375,0,0.0682
4.066666666666662,449.3491251084548,381.74984715775133,4.524526079977366e-14,77.44029416547359,52.96431462058086,1.3028252858988552e-14,-22.69198326316062,-25.42571572620914,0,0.0682
4.099999999999995,451.905789013059,383.48754526009316,4.567953589507328e-14,76.69991713812641,52.130943070254936,1.3028252858988552e-14,-22.2113108204153,-25.001146509777644,0,0.0682
4.133333333333328,454.4382913175569,385.19792134991366,4.61138109903729e-14,75.9750691349364,51.31128269461415,1.3028252858988552e-14,-21.745440095700296,-24.58981126922352,0,0.0682
4.166666666666662,456.94713387404306,386.8814183556407,4.654808608567252e-14,75.26527669458522,50.504910171810984,1.3028252858988552e-14,-21.29377321053535,-24.191175684094958,0,0.0682
4.199999999999995,459.43280338345545,388.53846565887187,4.698236118097214e-14,74.57008528237226,49.71141909693587,1.3028252858988552e-14,-20.85574236638872,-23.80473224625338,0,0.0682
4.233333333333328,461.8957719950381,390.16947963026337,4.741663627627176e-14,73.88905834747999,48.9304191417456,1.3028252858988552e-14,-20.430808046768217,-23.42999865570804,0,0.0682
4.266666666666661,464.3364978762389,391.77486413906894,4.7850911371571383e-14,73.22177643602483,48.16153526416713,1.3028252858988552e-14,-20.018457343654973,-23.06651632735417,0,0.0682
4.2999999999999945,466.7554257547747,393.3550110378746,4.8285186466871004e-14,72.56783635607363,47.40440696416966,1.3028252858988552e-14,-19.618202398536084,-22.71384899992409,0,0.0682
4.333333333333328,469.1529874344781,394.91030062397,4.8719461562170625e-14,71.92685039110218,46.65868758286231,1.3028252858988552e-14,-19.229578949143573,-22.371581439220318,0,0.0682
4.366666666666661,471.52960228643286,396.4411020787005,4.9153736657470246e-14,71.29844555864295,45.92404364191612,1.3028252858988552e-14,-18.85214497377686,-22.039318228385774,0,0.0682
4.399999999999994,473.8856777168034,397.94777388605485,4.958801175276987e-14,70.6822629111169,45.20015422062988,1.3028252858988552e-14,-18.485479425781975,-21.716682638587272,0,0.0682
4.433333333333327,476.2216096126724,399.4306642316602,5.002228684806949e-14,70.07795687607052,44.48671036816152,1.3028252858988552e-14,-18.129181051391154,-21.40331557405075,0,0.0682
4.466666666666661,478.537782767114,400.8901113832813,5.045656194336911e-14,69.48519463324725,43.78341454863164,1.3028252858988552e-14,-17.782867284697943,-21.098874585896343,0,0.0682
4.499999999999994,480.834571284651,402.3264440538471,5.089083703866873e-14,68.90365552611186,43.08998011697551,1.3028252858988552e-14,-17.446173214061577,-20.803032949683978,0,0.0682
4.533333333333327,483.11233896817174,403.7399817479663,5.132511213396835e-14,68.3330305056217,42.40613082357551,1.3028252858988552e-14,-17.118750614705114,-20.515478802000075,0,0.0682
4.56666666666666,485.3714396883117,405.1310350928279,5.175938722926797e-14,67.77302160419836,41.73160034584891,1.3028252858988552e-14,-16.800267042700064,-20.235914331797883,0,0.0682
4.599999999999993,487.61221773624504,406.49990615433114,5.219366232456759e-14,67.22334143800104,41.066131845097196,1.3028252858988552e-14,-16.49040498591972,-19.96405502255142,0,0.0682
4.633333333333327,489.83500816076963,407.8468887392326,5.2627937419867214e-14,66.68371273573777,40.409477547043885,1.3028252858988552e-14,-16.188861067898117,-19.699628941599276,0,0.0682
4.66666666666666,492.0401370905155,409.1722686840526,5.3062212515166835e-14,66.15386789237594,39.761398344599115,1.3028252858988552e-14,-15.895345300854752,-19.44237607334302,0,0.0682
4.699999999999993,494.22792204205643,410.47632413143566,5.3496487610466456e-14,65.63354854622793,39.12166342149151,1.3028252858988552e-14,-15.609580384440576,-19.1920476932281,0,0.0682
4.733333333333326,496.39867221465624,411.7593257946191,5.3930762705766076e-14,65.12250517799362,38.49004989550234,1.3028252858988552e-14,-15.33130104702939,-18.94840577967523,0,0.0682
4.7666666666666595,498.55268877233755,413.0215372106232,5.43650378010657e-14,64.62049673043943,37.86634248012401,1.3028252858988552e-14,-15.060253426625607,-18.711222461349866,0,0.0682
4.799999999999993,500.6902651139203,414.2632149827414,5.479931289636532e-14,64.1272902474833,37.250333163545406,1.3028252858988552e-14,-14.796194488683854,-18.48027949735812,0,0.0682
4.833333333333326,502.8116871316383,415.48460901287274,5.523358799166494e-14,63.64266053153856,36.6418209039407,1.3028252858988552e-14,-14.538891478342233,-18.25536778814124,0,0.0682
4.866666666666659,504.9172334589065,416.6859627242096,5.566786308696456e-14,63.166389818046575,36.04061134010706,1.3028252858988552e-14,-14.288121404759488,-18.036286915009057,0,0.0682
4.899999999999992,507.00717570777977,417.8675132747616,5.610213818226418e-14,62.698267466199255,35.44651651656016,1.3028252858988552e-14,-14.043670555419578,-17.822844706407114,0,0.0682
4.933333333333326,509.0817786966104,419.0294917621701,5.65364132775638e-14,62.238089664918405,34.85935462225503,1.3028252858988552e-14,-13.805334038425466,-17.61485682915383,0,0.0682
4.966666666666659,511.1413006683844,420.1721234202419,5.697068837286342e-14,61.785659153220074,34.278949742154566,1.3028252858988552e-14,-13.57291535095003,-17.412146403013907,0,0.0682
4.999999999999992,513.1859935001894,421.29562780760585,5.740496346816304e-14,61.34078495414855,33.70513162091811,1.3028252858988552e-14,-13.34622597214554,-17.214543637093687,0,0.0682
5.033333333333325,515.21610290424,422.4002189888735,5.783923856346266e-14,60.90328212151734,33.137735438029644,1.3028252858988552e-14,-13.12508497893625,-17.021885486653897,0,0.0682
5.066666666666658,517.2318686208647,423.48610570866447,5.827351365876229e-14,60.47297149874294,32.576601593728434,1.3028252858988552e-14,-12.909318683232074,-16.83401532903626,0,0.0682
5.099999999999992,519.2335246038348,424.55349155883596,5.870778875406191e-14,60.04967948910277,32.02157550514532,1.3028252858988552e-14,-12.69876028920521,-16.650782657493473,0,0.0682
5.133333333333325,521.2212991983945,425.6025751392388,5.914206384936153e-14,59.63323783679051,31.4725074120854,1.3028252858988552e-14,-12.493249569367931,-16.472042791797705,0,0.0682
5.166666666666658,523.1954153123339,426.63355021230325,5.957633894466115e-14,59.22348341818124,30.929252191932672,1.3028252858988552e-14,-12.292632558278129,-16.297656604581793,0,0.0682
5.199999999999991,525.1560905804257,427.6466058517427,6.001061403996077e-14,58.820258042755206,30.391669183184664,1.3028252858988552e-14,-12.096761262780905,-16.127490262440272,0,0.0682
5.2333333333333245,527.1035375225312,428.64192658564787,6.044488913526039e-14,58.42340826316288,29.859622017155182,1.3028252858988552e-14,-11.905493387769942,-15.961414980884504,0,0.0682
5.266666666666658,529.0379636956627,429.61969253422825,6.087916423056001e-14,58.03278519394548,29.332978457411564,1.3028252858988552e-14,-11.718692076522023,-15.799306792308586,0,0.0682
5.299999999999991,530.9595718402778,430.5800795424462,6.131343932585963e-14,57.64824433845473,28.8116102465389,1.3028252858988552e-14,-11.536225664722439,-15.641046326179877,0,0.0682
5.333333333333324,532.8685600210625,431.5232593077745,6.174771442115925e-14,57.26964542354278,28.295392959848186,1.3028252858988552e-14,-11.357967447358613,-15.486518600721443,0,0.0682
5.366666666666657,534.7651217624498,432.4493995032968,6.218198951645887e-14,56.896852241618966,27.784205865668095,1.3028252858988552e-14,-11.18379545771434,-15.335612825402691,0,0.0682
5.399999999999991,536.6494461791062,433.3586638963595,6.26162646117585e-14,56.52973249969403,27.277931791881425,1.3028252858988552e-14,-11.013592257748094,-15.188222213600165,0,0.0682
5.433333333333324,538.521718101608,434.2512124629724,6.305053970705812e-14,56.16815767505449,26.776456998387008,1.3028252858988552e-14,-10.84724473918616,-15.04424380483255,0,0.0682
5.466666666666657,540.3821181975158,435.12720149814527,6.348481480235774e-14,55.81200287723098,26.279671055186565,1.3028252858988552e-14,-10.684643934705125,-14.903578296013265,0,0.0682
5.49999999999999,542.2308230880473,435.98678372233906,6.391908989765736e-14,55.46114671594368,25.78746672581323,1.3028252858988552e-14,-10.525684838619052,-14.766129881200149,0,0.0682
5.5333333333333234,544.0680054605382,436.83010838420023,6.435336499295698e-14,55.1154711747262,25.29973985583471,1.3028252858988552e-14,-10.370266236524289,-14.631806099355625,0,0.0682
5.566666666666657,545.8938341768697,437.6573213597395,6.47876400882566e-14,54.77486148994654,24.816389266179314,1.3028252858988552e-14,-10.21829054338997,-14.50051768966187,0,0.0682
5.59999999999999,547.708474378035,438.4685652481077,6.522191518355622e-14,54.439206034959376,24.337316651047153,1.3028252858988552e-14,-10.069663649614887,-14.372178453964775,0,0.0682
5.633333333333323,549.5120875850064,439.2639794641138,6.565619027885584e-14,54.10839620913932,23.86242648018224,1.3028252858988552e-14,-9.92429477460167,-14.246705125947447,0,0.0682
5.666666666666656,551.3048317960584,440.0437003276236,6.609046537415546e-14,53.782326331558416,23.3916259052936,1.3028252858988552e-14,-9.782096327427288,-14.124017246659166,0,0.0682
5.6999999999999895,553.0868615806945,440.8078611499711,6.652474046945508e-14,53.46089353908457,22.924824670425295,1.3028252858988552e-14,-9.642983774215377,-14.00403704604918,0,0.0682
5.733333333333323,554.8583281703175,441.5565923175073,6.69590155647547e-14,53.14399768868991,22.461935026086078,1.3028252858988552e-14,-9.506875511839974,-13.886689330176562,0,0.0682
5.766666666666656,556.6193795457765,442.29002137240593,6.739329066005433e-14,52.831541263769466,22.002871646959825,1.3028252858988552e-14,-9.373692747613315,-13.771901373787582,0,0.0682
5.799999999999989,558.3701605219193,443.0082730908402,6.782756575535395e-14,52.523429284281754,21.547551553027454,1.3028252858988552e-14,-9.243359384631361,-13.65960281797114,0,0.0682
5.833333333333322,560.1108128292703,443.7114695586382,6.826184085065357e-14,52.21956922053273,21.09589403394011,1.3028252858988552e-14,-9.115801912470546,-13.549725572620357,0,0.0682
5.866666666666656,561.8414751929515,444.39973024452127,6.869611594595319e-14,51.919870910434476,20.64782057649194,1.3028252858988552e-14,-8.990949302947826,-13.442203723445042,0,0.0682
5.899999999999989,563.5622834089542,445.0731720710229,6.913039104125281e-14,51.6242464800787,20.203254795048775,1.3028252858988552e-14,-8.868732910673145,-13.336973443295024,0,0.0682
5.933333333333322,565.27337041787,445.7319094831828,6.956466613655243e-14,51.332610267474045,19.76212236479648,1.3028252858988552e-14,-8.749086378139724,-13.233972907568875,0,0.0682
5.966666666666655,566.9748663761801,446.37605451510547,6.999894123185205e-14,51.04487874930363,19.32435095767995,1.3028252858988552e-14,-8.631945545112512,-13.133142213495846,0,0.0682
5.9999999999999885,568.666898725199,447.00571685446914,7.043321632715167e-14,50.760970470567315,18.889870180910233,1.3028252858988552e-14,-8.517248362089285,-13.034423303091566,0,0.0682
6.033333333333322,570.3495922577649,447.6210039050666,7.086749142245129e-14,50.480805976979916,18.45861151792358,1.3028252858988552e-14,-8.404934807622004,-12.937759889599663,0,0.0682
6.066666666666655,572.0230691827651,448.22202084745595,7.130176651775091e-14,50.2043077500033,18.03050827168216,1.3028252858988552e-14,-8.294946809298365,-12.843097387242599,0,0.0682
6.099999999999988,573.6874491875783,448.80887069779635,7.173604161305053e-14,49.9314001443968,17.60549551021165,1.3028252858988552e-14,-8.18722816819508,-12.750382844115222,0,0.0682
6.133333333333321,575.3428494985175,449.38165436493887,7.217031670835016e-14,49.66200932817596,17.183510014276173,1.3028252858988552e-14,-8.08172448662514,-12.659564878064273,0,0.0682
6.1666666666666545,576.9893849393467,449.9404707058421,7.260459180364978e-14,49.396063224875576,16.764490227095973,1.3028252858988552e-14,-7.978383099011568,-12.570593615406027,0,0.0682
6.199999999999988,578.6271679879472,450.485416579376,7.30388668989494e-14,49.13349145801792,16.34837620601788,1.3028252858988552e-14,-7.8771530057295465,-12.483420632342817,0,0.0682
6.233333333333321,580.2563088312037,451.01658689857777,7.347314199424902e-14,48.87422529769233,15.935109576052975,1.3028252858988552e-14,-7.777984809767853,-12.397998898947103,0,0.0682
6.266666666666654,581.8769154181756,451.5340746814178,7.390741708954864e-14,48.6181976091567,15.524633485200003,1.3028252858988552e-14,-7.680830656068817,-12.314282725589157,0,0.0682
6.299999999999987,583.4890935116215,452.0379711001337,7.434169218484826e-14,48.36534280337624,15.116892561476952,1.3028252858988552e-14,-7.585644173413943,-12.232227711691534,0,0.0682
6.333333333333321,585.0929467379354,452.5283655291866,7.477596728014788e-14,48.11559678941858,14.711832871586953,1.3028252858988552e-14,-7.492380418729669,-12.151790696699946,0,0.0682
6.366666666666654,586.6885766355564,453.0053455918915,7.52102423754475e-14,47.86889692862876,14.309401881148073,1.3028252858988552e-14,-7.400995823694745,-12.07292971316642,0,0.0682
6.399999999999987,588.2760827019067,453.46899720577215,7.564451747074712e-14,47.625181990510846,13.909548416419861,1.3028252858988552e-14,-7.311448143537238,-11.995603941846365,0,0.0682
6.43333333333332,589.855562438915,453.9194046266876,7.607879256604674e-14,47.384392110247006,13.512222627462641,1.3028252858988552e-14,-7.223696407915259,-11.919773668716594,0,0.0682
6.4666666666666535,591.4271113971745,454.3566504917765,7.651306766134636e-14,47.14646874778762,13.117375952668423,1.3028252858988552e-14,-7.137700873781417,-11.845400243826539,0,0.0682
6.499999999999987,592.9908232187895,454.78081586126336,7.694734275664599e-14,46.911354648449745,12.724961084605104,1.3028252858988552e-14,-7.053422980136314,-11.772446041899599,0,0.0682
6.53333333333332,594.546789678955,455.1919802591673,7.738161785194561e-14,46.67899380496369,12.334931937118233,1.3028252858988552e-14,-6.970825304581685,-11.700874424606152,0,0.0682
6.566666666666653,596.0951007263186,455.59022171295516,7.781589294724523e-14,46.44933142091074,11.947243613637099,1.3028252858988552e-14,-6.8898715215885264,-11.630649704434003,0,0.0682
6.599999999999986,597.6358445221686,455.9756167921763,7.825016804254485e-14,46.2223138754974,11.561852376634233,1.3028252858988552e-14,-6.810526362400153,-11.561737110085986,0,0.0682
6.6333333333333195,599.1691074784891,456.348240646116,7.868444313784447e-14,45.99788868961425,11.178715618189624,1.3028252858988552e-14,-6.732755576494498,-11.494102753338257,0,0.0682
6.666666666666653,600.6949742949267,456.7081670405031,7.911871823314409e-14,45.77600449312978,10.79779183161308,1.3028252858988552e-14,-6.656525894533944,-11.427713597296293,0,0.0682
6.699999999999986,602.2135279947058,457.0554683933058,7.955299332844371e-14,45.556610993371955,10.419040584080115,1.3028252858988552e-14,-6.581804992734895,-11.362537425988966,0,0.0682
6.733333333333319,603.724849959531,457.3902158096471,7.998726842374333e-14,45.33965894475219,10.042422490238641,1.3028252858988552e-14,-6.50856145859295,-11.29854281524422,0,0.0682
6.766666666666652,605.2290199635139,457.71247911587193,8.042154351904295e-14,45.125100119488756,9.66789918674555,1.3028252858988552e-14,-6.436764757902836,-11.235699104792687,0,0.0682
6.799999999999986,606.7261162061602,458.02232689279504,8.085581861434257e-14,44.91288727938823,9.295433307693934,1.3028252858988552e-14,-6.366385203015742,-11.17397637154854,0,0.0682
6.833333333333319,608.2162153444484,458.31982650815814,8.12900937096422e-14,44.70297414864558,8.92498846089329,1.3028252858988552e-14,-6.297393922279532,-11.11334540401928,0,0.0682
6.866666666666652,609.6993925240359,458.6050441483237,8.172436880494182e-14,44.49531538762523,8.556529204966665,1.3028252858988552e-14,-6.22976283061037,-11.05377767779874,0,0.0682
6.899999999999985,611.1757214096222,458.8780448492314,8.215864390024144e-14,44.289866567587,8.190021027230005,1.3028252858988552e-14,-6.163464601147002,-10.995245332099831,0,0.0682
6.9333333333333185,612.6452742144995,459.1388925266421,8.259291899554106e-14,44.08658414632228,7.825430322320482,1.3028252858988552e-14,-6.098472637941556,-10.937721147285664,0,0.0682
6.966666666666652,614.1081217293217,459.3876500056935,8.302719409084068e-14,43.88542544466751,7.462724371541821,1.3028252858988552e-14,-6.034761049643163,-10.881178523359827,0,0.0682
6.999999999999985,615.5643333501172,459.62437904979004,8.34614691861403e-14,43.686348623863076,7.101871322895876,1.3028252858988552e-14,-5.972304624133036,-10.825591459378348,0,0.0682
7.033333333333318,617.0139771055748,459.8491403888491,8.389574428143992e-14,43.48931266372735,6.742840171770949,1.3028252858988552e-14,-5.911078804071952,-10.770934533747814,0,0.0682
7.066666666666651,618.4571196836287,460.0619937469244,8.433001937673954e-14,43.29427734161658,6.385600742258427,1.3028252858988552e-14,-5.8510596633230465,-10.717182885375635,0,0.0682
7.0999999999999845,619.8938264573668,460.2629978692267,8.476429447203916e-14,43.10120321214275,6.030123669070423,1.3028252858988552e-14,-5.792223884214882,-10.66431219564014,0,0.0682
7.133333333333318,621.3241615102876,460.4522105485611,8.519856956733878e-14,42.91005158762236,5.6763803800321035,1.3028252858988552e-14,-5.734548735611677,-10.612298671149574,0,0.0682
7.166666666666651,622.7481876609286,460.62968865119853,8.56328446626384e-14,42.720784519230385,5.3243430791234205,1.3028252858988552e-14,-5.678012051759297,-10.561119027260489,0,0.0682
7.199999999999984,624.1659664868897,460.79548814220004,8.606711975793803e-14,42.533364778834475,4.973984730045845,1.3028252858988552e-14,-5.622592211877304,-10.510750472327269,0,0.0682
7.233333333333317,625.5775583482725,460.9496641102097,8.650139485323765e-14,42.34775584148551,4.6252790402906525,1.3028252858988552e-14,-5.568268120469037,-10.461170692655767,0,0.0682
7.266666666666651,626.9830224105573,461.0922707917326,8.693566994853727e-14,42.16392186854141,4.278200445686148,1.3028252858988552e-14,-5.515019188323103,-10.412357838135133,0,0.0682
7.299999999999984,628.3824166669374,461.22336159491266,8.736994504383689e-14,41.98182769140204,3.93272409540205,1.3028252858988552e-14,-5.4628253141811545,-10.364290508522942,0,0.0682
7.333333333333317,629.7757979601319,461.34298912282566,8.780422013913651e-14,41.80143879583377,3.5888258373900577,1.3028252858988552e-14,-5.411666867048223,-10.31694774035977,0,0.0682
7.36666666666665,631.1632220036939,461.45120519630035,8.823849523443613e-14,41.622721306863,3.246482204240385,1.3028252858988552e-14,-5.361524669123021,-10.270308994490177,0,0.0682
7.3999999999999835,632.5447434028346,461.5480608762815,8.867277032973575e-14,41.445641974218766,2.9056703994347854,1.3028252858988552e-14,-5.312379979327004,-10.224354144167991,0,0.0682
7.433333333333317,633.920415674778,461.6336064857474,8.910704542503537e-14,41.27016815830503,2.566368283977301,1.3028252858988552e-14,-5.264214477411985,-10.179063463724534,0,0.0682
7.46666666666665,635.2902912686675,461.70789163119355,8.954132052033499e-14,41.096267816684126,2.228554363384663,1.3028252858988552e-14,-5.2170102486272585,-10.134417617779132,0,0.0682
7.499999999999983,636.654421585036,461.7709652236942,8.997559561563461e-14,40.92390949105319,1.8922077750189292,1.3028252858988552e-14,-5.170749768928158,-10.090397650972017,0,0.0682
7.533333333333316,638.0128569948591,461.82287549955237,9.040987071093423e-14,40.75306229469622,1.5573082757455885,1.3028252858988552e-14,-5.125415890708926,-10.04698497820022,0,0.0682
7.5666666666666496,639.3656468582057,461.86367004054904,9.084414580623386e-14,40.583695900394765,1.223836229900995,1.3028252858988552e-14,-5.080991829043695,-10.004161375337805,0,0.0682
7.599999999999983,640.7128395424984,461.89339579380083,9.127842090153348e-14,40.41578052878076,0.8917725975535895,1.3028252858988552e-14,-5.037461148420186,-9.961908970422169,0,0.0682
7.633333333333316,642.0544824404022,461.91209909123563,9.17126959968331e-14,40.249286937115706,0.5610989230439647,1.3028252858988552e-14,-4.9948077499515176,-9.920210235288742,0,0.0682
7.666666666666649,643.3906219873516,461.9198256686953,9.214697109213272e-14,40.08418640848063,0.23179732378940232,1.3028252858988552e-14,-4.953015859052277,-9.879047977636871,0,0.0682
7.699999999999982,644.7213036787302,461.91662068467326,9.258124618743234e-14,39.920450741361776,-0.09614952066093163,1.3028252858988552e-14,-4.912070013565637,-9.83840533351002,0,0.0682
7.733333333333316,646.0465720867174,461.902502662607,9.301552128273196e-14,39.75805223961748,-0.42354066198846657,1.3028252858988552e-14,-4.871955052328986,-9.821734239826048,0,0.0682
7.766666666666649,647.3664708756868,461.8774274382417,9.344979637803158e-14,39.59696366908143,-0.7522567309596628,1.3028252858988552e-14,-4.832657116081241,-9.86148206913589,0,0.0682
7.799999999999982,648.6810428110728,461.8413510151709,9.38840714733312e-14,39.43715806158027,-1.0822926921230618,1.3028252858988552e-14,-4.7941682250348325,-9.901078834901966,0,0.0682
7.833333333333315,649.9903297666173,461.79422955388384,9.431834656863082e-14,39.27860866633643,-1.4136438386114827,1.3028252858988552e-14,-4.756481857315242,-9.940534394652625,0,0.0682
7.8666666666666485,651.2943727314965,461.7360193604766,9.475262166393044e-14,39.121288946378215,-1.7463058022187024,1.3028252858988552e-14,-4.719591598746499,-9.979858908216588,0,0.0682
7.899999999999982,652.5932118173372,461.66667687502564,9.518689675923007e-14,38.965172575220244,-2.080274563527875,1.3028252858988552e-14,-4.683491134739092,-10.019062839275184,0,0.0682
7.933333333333315,653.8868862651309,461.5861586596228,9.562117185452969e-14,38.810233433809735,-2.4155464620841802,1.3028252858988552e-14,-4.648174242315315,-10.058156956689146,0,0.0682
7.966666666666648,655.1754344520554,461.49442138606935,9.605544694982931e-14,38.65644560773383,-2.752118206604162,1.3028252858988552e-14,-4.613634782277251,-10.097152335599452,0,0.0682
7.999999999999981,656.4588938982115,461.3914218232289,9.648972204512893e-14,38.50378338468306,-3.089986885214247,1.3028252858988552e-14,-4.579866691523018,-10.136060358302544,0,0.0682
8.033333333333315,657.7373012732837,461.2771168240385,9.692399714042855e-14,38.35222125216581,-3.4291499757109514,1.3028252858988552e-14,-4.5468639755174785,-10.174892714901134,0,0.0682
8.066666666666649,659.0106924031327,461.1514633121773,9.735827223572817e-14,38.201733895468344,-3.7696053558353757,1.3028252858988552e-14,-4.514620700923954,-10.213661403732733,0,0.0682
8.099999999999982,660.2791022763279,461.01441826839215,9.779254733102779e-14,38.05229619585488,-4.111351313554678,1.3028252858988552e-14,-4.483130988403938,-10.252378731579087,0,0.0682
8.133333333333315,661.5425650506279,460.8659387164807,9.822682242632741e-14,37.90388322900181,-4.4543865573433665,1.3028252858988552e-14,-4.452389005592043,-10.291057313660648,0,0.0682
8.166666666666648,662.8011140594166,460.7059817089321,9.866109752162703e-14,37.75647026366002,-4.798710226457411,1.3028252858988552e-14,-4.422388960253817,-10.329710073421339,0,0.0682
8.199999999999982,664.0547818181012,460.5345043122256,9.909537261692665e-14,37.61003276053888,-5.144321901194407,1.3028252858988552e-14,-4.39312509363416,-10.368350242109877,0,0.0682
8.233333333333315,665.3036000304814,460.3514635917878,9.952964771222627e-14,37.4645463714054,-5.491221613133247,1.3028252858988552e-14,-4.364591674004327,-10.406991358165186,0,0.0682
8.266666666666648,666.5475995950945,460.1568165966096,9.99639228075259e-14,37.319986938391544,-5.839409855347059,1.3028252858988552e-14,-4.336782990415533,-10.445647266414376,0,0.0682
8.299999999999981,667.7868106115446,459.95052034352346,1.0039819790282552e-13,37.17633049350263,-6.188887592583495,1.3028252858988552e-14,-4.309693346667258,-10.484332117093102,0,0.0682
8.333333333333314,669.021262386822,459.73253180114324,1.0083247299812514e-13,37.03355325831936,-6.539656271406802,1.3028252858988552e-14,-4.2833170554982605,-10.523060364699186,0,0.0682
8.366666666666648,670.2509834416181,459.5028078734667,1.0126674809342476e-13,36.89163164388575,-6.891717830296521,1.3028252858988552e-14,-4.257648433008289,-10.561846766691584,0,0.0682
8.39999999999998,671.4760015166439,459.2613053831434,1.0170102318872438e-13,36.75054225077515,-7.24507470969812,1.3028252858988552e-14,-4.232681793318175,-10.600706382047944,0,0.0682
8.433333333333314,672.6963435789548,459.00798105440936,1.02135298284024e-13,36.61026186932595,-7.5997298620212925,1.3028252858988552e-14,-4.208411443475889,-10.639654569695178,0,0.0682
8.466666666666647,673.9120358282895,458.74279149568997,1.0256957337932362e-13,36.47076748003876,-7.955686761582246,1.3028252858988552e-14,-4.184831678615731,-10.678706986828615,0,0.0682
8.49999999999998,675.1231037034271,458.46569318187375,1.0300384847462324e-13,36.33203625412618,-8.312949414486791,1.3028252858988552e-14,-4.161936777377471,-10.717879587136373,0,0.0682
8.533333333333314,676.3295718885673,458.1766424362587,1.0343812356992286e-13,36.194045554206454,-8.671522368451683,1.3028252858988552e-14,-4.139720997591805,-10.757188618946763,0,0.0682
8.566666666666647,677.5314643197383,457.8755954121733,1.0387239866522248e-13,36.05677293513185,-9.031410722562267,1.3028252858988552e-14,-4.11817857223799,-10.796650623317511,0,0.0682
8.59999999999998,678.7288041912365,457.5625080742745,1.043066737605221e-13,35.92019614494256,-9.392620136965155,1.3028252858988552e-14,-4.097303705678889,-10.836282432086628,0,0.0682
8.633333333333313,679.921613962101,457.2373361795246,1.0474094885582173e-13,35.78429312593662,-9.755156842495346,1.3028252858988552e-14,-4.077090570178091,-10.876101165905721,0,0.0682
8.666666666666647,681.1099153626292,456.90003525785,1.0517522395112135e-13,35.64904201584652,-10.119027650237925,1.3028252858988552e-14,-4.057533302702996,-10.916124232277395,0,0.0682
8.69999999999998,682.293729400933,456.5505605924825,1.0560949904642097e-13,35.514421149112614,-10.484239961025233,1.3028252858988552e-14,-4.038626002017083,-10.956369323619265,0,0.0682
8.733333333333313,683.4730763695411,456.1888671999868,1.0604377414172059e-13,35.38040905824383,-10.850801774871162,1.3028252858988552e-14,-4.020362726063686,-10.996854415377863,0,0.0682
8.766666666666646,684.6479758520496,455.8149098099753,1.0647804923702021e-13,35.24698447525573,-11.218721700345041,1.3028252858988552e-14,-4.002737489642891,-11.037597764216363,0,0.0682
8.79999999999998,685.8184467298222,455.42864284451235,1.0691232433231983e-13,35.11412633317632,-11.588008963888399,1.3028252858988552e-14,-3.985744262382168,-11.07861790630071,0,0.0682
8.833333333333313,686.9845071887426,455.03002039720974,1.0734659942761945e-13,34.98181376760964,-11.958673419078707,1.3028252858988552e-14,-3.9693769670005725,-11.119933655709271,0,0.0682
8.866666666666646,688.1461747260208,454.6189962120149,1.0778087452291907e-13,34.85002611834746,-12.330725555845088,1.3028252858988552e-14,-3.9536294778653,-11.161564102991466,0,0.0682
8.899999999999979,689.3034661570548,454.1955236616935,1.0821514961821869e-13,34.718742931019506,-12.704176509641801,1.3028252858988552e-14,-3.9384956198385876,-11.203528613901382,0,0.0682
8.933333333333312,690.4563976223473,453.7595557260073,1.0864942471351831e-13,34.58794395877244,-13.079038070586215,1.3028252858988552e-14,-3.9239691674118693,-11.245846828332407,0,0.0682
8.966666666666645,691.6049845944796,453.31104496958835,1.0908369980881793e-13,34.457609163968336,-13.45532269256886,1.3028252858988552e-14,-3.910043844123273,-11.28853865947933,0,0.0682
8.999999999999979,692.7492418851426,452.8499435195102,1.0951797490411756e-13,34.32771871989322,-13.833043502344001,1.3028252858988552e-14,-3.8967133222535137,-11.33162429325421,0,0.0682
9.033333333333312,693.8891836522248,452.37620304255654,1.0995224999941718e-13,34.19825301246674,-14.212214308610086,1.3028252858988552e-14,-3.883971222794391,-11.375124187982575,0,0.0682
9.066666666666645,695.0248234069562,451.88977472218687,1.103865250947168e-13,34.06919264194397,-14.592849611090292,1.3028252858988552e-14,-3.871811115683167,-11.419059074406176,0,0.0682
9.099999999999978,696.1561740211096,451.3906092351994,1.1082080019001642e-13,33.940518424600796,-14.974964609624244,1.3028252858988552e-14,-3.8602265202952197,-11.463449956018573,0,0.0682
9.133333333333312,697.2832477342561,450.87865672809,1.1125507528531604e-13,33.81221139439457,-15.358575213282892,1.3028252858988552e-14,-3.849210906186587,-11.50831810975945,0,0.0682
9.166666666666645,698.4060561610758,450.353866793106,1.1168935038061566e-13,33.684252804592,-15.743698049519336,1.3028252858988552e-14,-3.8387576940771737,-11.553685087093323,0,0.0682
9.199999999999978,699.524610298721,449.8161884439937,1.1212362547591528e-13,33.55662412935651,-16.130350473369266,1.3028252858988552e-14,-3.8288602570646857,-11.5995727154979,0,0.0682
9.233333333333311,700.6389205342306,449.26557009143653,1.125579005712149e-13,33.42930706528789,-16.518550576715498,1.3028252858988552e-14,-3.8195119220586653,-11.646003100386965,0,0.0682
9.266666666666644,701.7489966519942,448.70195951818215,1.1299217566651452e-13,33.302283532907104,-16.908317197631902,1.3028252858988552e-14,-3.810705971423372,-11.69299862749209,0,0.0682
9.299999999999978,702.8548478412634,448.12530385385475,1.1342645076181414e-13,33.17553567807985,-17.299669929822805,1.3028252858988552e-14,-3.80243564481769,-11.740581965727054,0,0.0682
9.33333333333331,703.9564827037092,447.53554954944894,1.1386072585711375e-13,33.04904587337252,-17.692629132174744,1.3028252858988552e-14,-3.7946941412197557,-11.7887760705582,0,0.0682
9.366666666666644,705.0539092610204,446.932642351501,1.1429500095241337e-13,32.92279671933507,-18.08721593843819,1.3028252858988552e-14,-3.787474621123556,-11.837604187903445,0,0.0682
9.399999999999977,706.1471349625439,446.3165272759324,1.14729276047713e-13,32.796771045705256,-18.48345226705759,1.3028252858988552e-14,-3.780770208894423,-11.887089858581996,0,0.0682
9.43333333333331,707.2361666929615,445.6871485815601,1.1516355114301262e-13,32.67095191252959,-18.8813608311688,1.3028252858988552e-14,-3.7745739952700315,-11.937256923336255,0,0.0682
9.466666666666644,708.3210107800014,445.0444497432673,1.1559782623831224e-13,32.545322611196475,-19.28096514878369,1.3028252858988552e-14,-3.7688790399933367,-11.988129528446713,0,0.0682
9.499999999999977,709.4016730021807,444.3883734248279,1.1603210133361186e-13,32.41986666537768,-19.68228955318236,1.3028252858988552e-14,-3.763678374563737,-12.039732131960161,0,0.0682
9.53333333333331,710.4781585965766,443.71886145137677,1.1646637642891148e-13,32.294567831874595,-20.085359203534054,1.3028252858988552e-14,-3.758965005092684,-12.092089510550796,0,0.0682
9.566666666666643,711.5504722666221,443.0358547815178,1.169006515242111e-13,32.16941010136626,-20.4902000957685,1.3028252858988552e-14,-3.7547319152499936,-12.145226767033407,0,0.0682
9.599999999999977,712.6186181899241,442.3392934790605,1.1733492661951072e-13,32.04437769905669,-20.896839073720074,1.3028252858988552e-14,-3.7509720692871906,-12.199169338547154,0,0.0682
9.63333333333331,713.682600026098,441.6291166843749,1.1776920171481034e-13,31.919455085219212,-21.305303840567678,1.3028252858988552e-14,-3.747678415124348,-12.253943005428164,0,0.0682
9.666666666666643,714.7424209246193,440.9052625853551,1.1820347681010996e-13,31.794626955636307,-21.715622970593962,1.3028252858988552e-14,-3.744843887487137,-12.309573900788543,0,0.0682
9.699999999999976,715.7980835326838,440.16766838797884,1.1863775190540958e-13,31.669878241933606,-22.12782592128794,1.3028252858988552e-14,-3.7424614110810546,-12.366088520819282,0,0.0682
9.73333333333331,716.8495900030773,439.41627028645166,1.190720270007092e-13,31.54519411180727,-22.541943045815742,1.3028252858988552e-14,-3.7405239037901374,-12.423513735834025,0,0.0682
9.766666666666643,717.8969420020488,438.65100343292215,1.1950630209600882e-13,31.420559969144342,-22.958005605884765,1.3028252858988552e-14,-3.7390242798878575,-12.481876802070675,0,0.0682
9.799999999999976,718.9401407171833,437.87180190675457,1.1994057719130845e-13,31.295961454036064,-23.376045785027017,1.3028252858988552e-14,-3.737955453248342,-12.541205374267554,0,0.0682
9.833333333333309,719.9791868652728,437.0785986833436,1.2037485228660807e-13,31.171384442684513,-23.796096702328047,1.3028252858988552e-14,-3.7373103405465224,-12.601527519030851,0,0.0682
9.866666666666642,721.0140807001796,436.271325602456,1.208091273819077e-13,31.0468150472033,-24.218192426628388,1.3028252858988552e-14,-3.7370818644363553,-12.662871729010229,0,0.0682
9.899999999999975,722.04482202069,435.4499133360818,1.212434024772073e-13,30.92223961531341,-24.64236799122504,1.3028252858988552e-14,-3.73726295669678,-12.72526693789951,0,0.0682
9.933333333333309,723.0714101783545,434.61429135577845,1.2167767757250693e-13,30.797644729935552,-25.068659409101034,1.3028252858988552e-14,-3.7378465613357044,-12.788742536279775,0,0.0682
9.966666666666642,724.0938440853106,433.76438789948804,1.2211195266780655e-13,30.67301720868079,-25.497103688711785,1.3028252858988552e-14,-3.7388256376428655,-12.85332838832251,0,0.0682
9.999999999999975,725.1121222220853,432.9001299378095,1.2254622776310617e-13,30.548344103241355,-25.927738850357485,1.3028252858988552e-14,-3.740193163183071,-12.919054849371017,0,0.0682
10.033333333333308,726.1262426453748,432.02144313970376,1.229805028584058e-13,30.423612698683957,-26.360603943171448,1.3028252858988552e-14,-3.741942136721931,-12.985952784418863,0,0.0682
10.066666666666642,727.1362029957963,431.1282518376119,1.2341477795370541e-13,30.29881051264806,-26.795739062754947,1.3028252858988552e-14,-3.7440655810768626,-13.054053587504962,0,0.0682
10.099999999999975,728.1420005056113,430.22047899196224,1.2384905304900503e-13,30.173925294451834,-27.233185369489807,1.3028252858988552e-14,-3.7465565458867798,-13.123389202045761,0,0.0682
10.133333333333308,729.1436320064149,429.29804615504355,1.2428332814430465e-13,30.048945024108683,-27.67298510756067,1.3028252858988552e-14,-3.7494081102945205,-13.193992142125909,0,0.0682
10.166666666666641,730.1410939367902,428.36087343421957,1.2471760323960428e-13,29.923857911257457,-28.115181624719675,1.3028252858988552e-14,-3.7526133855367427,-13.26589551477012,0,0.0682
10.199999999999974,731.1343823499238,427.40887945445866,1.251518783349039e-13,29.798652394009572,-28.55981939282701,1.3028252858988552e-14,-3.7561655174365933,-13.339133043220002,0,0.0682
10.233333333333308,732.1234929211811,426.4419813201519,1.2558615343020352e-13,29.673317137716403,-29.006944029201716,1.3028252858988552e-14,-3.7600576887951402,-13.413739091241178,0,0.0682
10.26666666666664,733.1084209556365,425.4600945761913,1.2602042852550314e-13,29.547841033660465,-29.456602318817968,1.3028252858988552e-14,-3.7642831216781274,-13.48974868848752,0,0.0682
10.299999999999974,734.0891613955589,424.46313316827855,1.2645470362080276e-13,29.42221319767396,-29.908842237383002,1.3028252858988552e-14,-3.7688350795952026,-13.567197556951031,0,0.0682
10.333333333333307,735.0657088278485,423.45100940243407,1.2688897871610238e-13,29.29642296868831,-30.363712975333925,1.3028252858988552e-14,-3.7737068695693536,-13.646122138527677,0,0.0682
10.36666666666664,736.0380574914225,422.42363390367433,1.27323253811402e-13,29.170459907218483,-30.82126496279164,1.3028252858988552e-14,-3.7788918440948267,-13.72655962373153,0,0.0682
10.399999999999974,737.0062012845486,421.3809155738239,1.2775752890670162e-13,29.04431379378574,-31.281549895511365,1.3028252858988552e-14,-3.784383402982318,-13.808547981591667,0,0.0682
10.433333333333307,737.9701337721248,420.3227615484283,1.2819180400200124e-13,28.917974627282717,-31.744620761870316,1.3028252858988552e-14,-3.790174995090725,-13.892125990768545,0,0.0682
10.46666666666664,738.9298481929009,419.2490771527305,1.2862607909730086e-13,28.791432623284543,-32.21053187093462,1.3028252858988552e-14,-3.796260119945227,-13.977333271928988,0,0.0682
10.499999999999973,739.8853374666445,418.1597658566755,1.2906035419260049e-13,28.664678212309813,-32.67933888164867,1.3028252858988552e-14,-3.8026323292418844,-14.064210321421614,0,0.0682
10.533333333333307,740.8365942012457,417.05472922890243,1.294946292879001e-13,28.537702038035167,-33.1510988331919,1.3028252858988552e-14,-3.8092852282393834,-14.1527985462971,0,0.0682
10.56666666666664,741.7836106997613,415.9338668896841,1.2992890438319973e-13,28.410494955467204,-33.62587017654926,1.3028252858988552e-14,-3.816212477038892,-14.243140300720821,0,0.0682
10.599999999999973,742.7263789673972,414.7970764627727,1.3036317947849935e-13,28.283048029075424,-34.10371280734354,1.3028252858988552e-14,-3.82340779175341,-14.335278923828339,0,0.0682
10.633333333333306,743.6648907184268,413.6442535261067,1.3079745457379897e-13,28.155352530889814,-34.58468809997946,1.3028252858988552e-14,-3.8308649455682504,-14.429258779077575,0,0.0682
10.66666666666664,744.5991373830457,412.475291561335,1.312317296690986e-13,28.02739993856666,-35.06885894315129,1.3028252858988552e-14,-3.8385777696946337,-14.525125295154957,0,0.0682
10.699999999999973,745.5291101141598,411.29008190210936,1.316660047643982e-13,27.89918193342604,-35.55628977676784,1.3028252858988552e-14,-3.8465401542186295,-14.622925008496493,0,0.0682
10.733333333333306,746.4547997941087,410.08851368109765,1.3210027985969783e-13,27.770690398464442,-36.04704663035079,1.3028252858988552e-14,-3.8547460488479013,-14.722705607488605,0,0.0682
10.766666666666639,747.3761970413202,408.8704737756655,1.3253455495499745e-13,27.641917416345812,-36.541197162964714,1.3028252858988552e-14,-3.863189463558934,-14.82451597841762,0,0.0682
10.799999999999972,748.2932922168993,407.6358467521742,1.3296883005029707e-13,27.512855267374224,-37.03881070473942,1.3028252858988552e-14,-3.8718644691476274,-14.928406253241198,0,0.0682
10.833333333333306,749.2060754311477,406.38451480883924,1.334031051455967e-13,27.383496427451348,-37.53995830004806,1.3028252858988552e-14,-3.8807651976862454,-15.034427859259393,0,0.0682
10.866666666666639,750.1145365500151,405.11635771709234,1.3383738024089632e-13,27.253833566021683,-38.044712752407,1.3028252858988552e-14,-3.8898858428899112,-15.142633570768071,0,0.0682
10.899999999999972,751.0186652014821,403.8312527613868,1.3427165533619594e-13,27.123859544008486,-38.553148671166404,1.3028252858988552e-14,-3.8992206603958963,-15.253077562782185,0,0.0682
10.933333333333305,751.9184507818736,402.52907467738464,1.3470593043149556e-13,26.993567411743182,-39.06534252006381,1.3028252858988552e-14,-3.9087639679590644,-15.365815466922069,0,0.0682
10.966666666666638,752.8138824621033,401.20969558846076,1.3514020552679518e-13,26.862950406890953,-39.581372667715854,1.3028252858988552e-14,-3.918510145566897,-15.4809044295613,0,0.0682
10.999999999999972,753.7049491938491,399.87298494045655,1.355744806220948e-13,26.732001952375033,-40.10131944012721,1.3028252858988552e-14,-3.928453635477598,-15.598403172340833,0,0.0682
11.033333333333305,754.5916397156592,398.5188094346132,1.3600875571739442e-13,26.600715654302206,-40.62526517529922,1.3028252858988552e-14,-3.9385889421847406,-15.718372055160291,0,0.0682
11.066666666666638,755.4739425589889,397.1470329586124,1.3644303081269404e-13,26.469085299891805,-41.15329428002469,1.3028252858988552e-14,-3.948910632312033,-15.840873141764098,0,0.0682
11.099999999999971,756.3518460541693,395.75751651564707,1.3687730590799366e-13,26.337104855410416,-41.685493288959584,1.3028252858988552e-14,-3.959413334441681,-15.965970268046942,0,0.0682
11.133333333333304,757.2253383363064,394.35011815144486,1.3731158100329328e-13,26.20476846411442,-42.22195092606661,1.3028252858988552e-14,-3.970091738879875,-16.093729113210912,0,0.0682
11.166666666666638,758.0944073511132,392.9246928791605,1.377458560985929e-13,26.072070444202325,-42.76275816853042,1.3028252858988552e-14,-3.9809405973628804,-16.22421727391409,0,0.0682
11.19999999999997,758.9590408606725,391.4810926020522,1.3818013119389252e-13,25.93900528677875,-43.308008313249054,1.3028252858988552e-14,-3.9919547227071592,-16.357504341559093,0,0.0682
11.233333333333304,759.8192264491336,390.0191660338518,1.3861440628919215e-13,25.805567653831854,-43.85779704601168,1.3028252858988552e-14,-4.00312898840691,-16.493661982878777,0,0.0682
11.266666666666637,760.6749515283411,388.53875861673583,1.3904868138449177e-13,25.671752376225776,-44.41222251347787,1.3028252858988552e-14,-4.014458328182373,-16.632764023985732,0,0.0682
11.29999999999997,761.5262033433982,387.03971243679985,1.394829564797914e-13,25.537554451709706,-44.97138539807994,1.3028252858988552e-14,-4.025937735482112,-16.774886538062106,0,0.0682
11.333333333333304,762.3729689781629,385.52186613693397,1.39917231575091e-13,25.402969042944957,-45.53538899597584,1.3028252858988552e-14,-4.037562262942513,-16.920107936877073,0,0.0682
11.366666666666637,763.2152353606813,383.9850548269944,1.4035150667039063e-13,25.267991475551373,-46.10433929818685,1.3028252858988552e-14,-4.049327021807539,-17.06850906633025,0,0.0682
11.39999999999997,764.0529892685538,382.42910999115907,1.4078578176569025e-13,25.132617236174312,-46.67834507506124,1.3028252858988552e-14,-4.0612271813117795,-17.220173306231555,0,0.0682
11.433333333333303,764.8862173342396,380.853859392352,1.4122005686098987e-13,24.99684197057332,-47.25751796421259,1.3028252858988552e-14,-4.073257968029707,-17.375186674540526,0,0.0682
11.466666666666637,765.7149060502974,379.25912697361565,1.416543319562895e-13,24.860661481733523,-47.84197256208932,1.3028252858988552e-14,-4.085414665193943,-17.53363793630177,0,0.0682
11.49999999999997,766.5390417745641,377.64473275630434,1.4208860705158911e-13,24.72407172800068,-48.431826519340234,1.3028252858988552e-14,-4.097692611985253,-17.69561871752757,0,0.0682
11.533333333333303,767.3586107352721,376.010492734966,1.4252288214688873e-13,24.587068821240784,-49.027200640150035,1.3028252858988552e-14,-4.110087202796878,-17.861223624294013,0,0.0682
11.566666666666636,768.1735990361063,374.3562187687751,1.4295715724218836e-13,24.449649025024925,-49.62821898572781,1.3028252858988552e-14,-4.122593886475716,-18.03055036733333,0,0.0682
11.59999999999997,768.983992661201,372.68171846937037,1.4339143233748798e-13,24.311808752840168,-50.2350089821419,1.3028252858988552e-14,-4.13520816554272,-18.203699892422673,0,0.0682
11.633333333333303,769.7897774800786,370.9867950849469,1.438257074327876e-13,24.173544566327006,-50.84770153270483,1.3028252858988552e-14,-4.147925595394856,-18.38077651688809,0,0.0682
11.666666666666636,770.59093925253,369.2712473804428,1.4425998252808722e-13,24.034853173543983,-51.46643113512357,1.3028252858988552e-14,-4.160741783490713,-18.56188807256227,0,0.0682
11.699999999999969,771.3874636334386,367.5348695136547,1.4469425762338684e-13,23.895731427259918,-52.091336003642105,1.3028252858988552e-14,-4.173652388521932,-18.747146055556076,0,0.0682
11.733333333333302,772.1793361775477,365.7774509071075,1.4512853271868646e-13,23.756176323274172,-52.722558196416315,1.3028252858988552e-14,-4.186653119572329,-18.936665783226303,0,0.0682
11.766666666666636,772.9665423441733,363.998776115495,1.4556280781398608e-13,23.616184998765284,-53.360243748374536,1.3028252858988552e-14,-4.199739735266618,-19.130566558746573,0,0.0682
11.799999999999969,773.7490675018622,362.1986246885006,1.459970829092857e-13,23.475754730668267,-54.00454280983167,1.3028252858988552e-14,-4.212908042910462,-19.32897184371409,0,0.0682
11.833333333333302,774.5268969329983,360.37677102879593,1.4643135800458532e-13,23.334882934080817,-54.6556097911401,1.3028252858988552e-14,-4.226153897623475,-19.532009439252953,0,0.0682
11.866666666666635,775.3000158383549,358.5329842450067,1.4686563309988494e-13,23.193567160698592,-55.31360351367691,1.3028252858988552e-14,-4.239473201466741,-19.739811676104257,0,0.0682
11.899999999999968,776.0684093415975,356.66702799942385,1.4729990819518456e-13,23.05180509727972,-55.978687367484426,1.3028252858988552e-14,-4.252861902566244,-19.952515614225398,0,0.0682
11.933333333333302,776.8320624937355,354.7786603502272,1.4773418329048419e-13,22.9095945641386,-56.65102947589959,1.3028252858988552e-14,-4.266315994233572,-20.1702632524549,0,0.0682
11.966666666666635,777.5909602775245,352.8676335879763,1.481684583857838e-13,22.7669335136691,-57.33080286752747,1.3028252858988552e-14,-4.279831514085114,-20.393201748836194,0,0.0682
11.999999999999968,778.345087611821,350.9336940661118,1.4860273348108343e-13,22.62382002889707,-58.01818565593522,1.3028252858988552e-14,-4.293404543160846,-20.621483652232655,0,0.0682
12.033333333333301,779.0944293558897,348.9765820251963,1.4903700857638305e-13,22.480252322062277,-58.713361227465526,1.3028252858988552e-14,-4.307031205043817,-20.855267145909163,0,0.0682
12.066666666666634,779.838970313664,346.9960314106099,1.4947128367168267e-13,22.33622873322957,-59.4165184375922,1.3028252858988552e-14,-4.320707664981204,-21.094716303800293,0,0.0682
12.099999999999968,780.5786952379617,344.991769683401,1.499055587669823e-13,22.19174772892931,-60.12785181626669,1.3028252858988552e-14,-4.334430129007825,-21.34000136023462,0,0.0682
12.1333333333333,781.3135888346559,342.9635176239766,1.503398338622819e-13,22.04680790082688,-60.84756178273126,1.3028252858988552e-14,-4.348194843072863,-21.59129899393707,0,0.0682
12.166666666666634,782.0436357668033,340.9109891282998,1.5077410895758153e-13,21.9014079644212,-61.575854870304184,1.3028252858988552e-14,-4.361998092170467,-21.848792627187702,0,0.0682
12.199999999999967,782.768820658729,338.833890996244,1.5120838405288115e-13,21.755546757772038,-62.312943961673405,1.3028252858988552e-14,-4.375836199474816,-22.112672741076697,0,0.0682
12.2333333333333,783.489128100071,336.731922711735,1.5164265914818077e-13,21.609223240256032,-63.05904853526876,1.3028252858988552e-14,-4.389705525480166,-22.383137207860553,0,0.0682
12.266666666666634,784.2045426497826,334.60477621429106,1.520769342434804e-13,21.462436491351156,-63.81439492331862,1.3028252858988552e-14,-4.403602467146265,-22.660391641495924,0,0.0682
12.299999999999967,784.9150488400976,332.4521356615499,1.5251120933878002e-13,21.315185709449505,-64.5792165822354,1.3028252858988552e-14,-4.417523457049488,-22.9446497675033,0,0.0682
12.3333333333333,785.6206311804542,330.2736771823494,1.5294548443407964e-13,21.167470210698173,-65.35375437601527,1.3028252858988552e-14,-4.431464962539966,-23.236133813396044,0,0.0682
12.366666666666633,786.3212741613831,328.0690686199033,1.5337975952937926e-13,21.01928942786801,-66.1382568733819,1.3028252858988552e-14,-4.44542348490485,-23.535074920998742,0,0.0682
12.399999999999967,787.0169622583581,325.83796926458825,1.5381403462467888e-13,20.870642909250083,-66.93298065945109,1.3028252858988552e-14,-4.45939555853784,-23.84171358207562,0,0.0682
12.4333333333333,787.7076799356108,323.5800295758301,1.542483097199785e-13,20.721530317579585,-67.73819066274422,1.3028252858988552e-14,-4.47337775011497,-24.15630009879378,0,0.0682
12.466666666666633,788.3934116499104,321.294890892549,1.5468258481527812e-13,20.57195142898703,-68.55416049843285,1.3028252858988552e-14,-4.487366657776637,-24.479095070658875,0,0.0682
12.499999999999966,789.0741418543096,318.9821851315905,1.5511685991057774e-13,20.42190613197651,-69.38117282875561,1.3028252858988552e-14,-4.501358910315693,-24.810369909682784,0,0.0682
12.5333333333333,789.7498550018572,316.64153447353675,1.5555113500587736e-13,20.271394426430795,-70.21951974161145,1.3028252858988552e-14,-4.51535116637142,-25.15040738567523,0,0.0682
12.566666666666633,790.4205355492786,314.2725510352567,1.5598541010117698e-13,20.12041642264316,-71.06950314840128,1.3028252858988552e-14,-4.529340113629114,-25.49950220369479,0,0.0682
12.599999999999966,791.0861679606245,311.8748365285146,1.564196851964766e-13,19.968972340375664,-71.93143520226295,1.3028252858988552e-14,-4.543322468024881,-25.85796161585006,0,0.0682
12.633333333333299,791.7467367108893,309.44798190391714,1.5685396029177622e-13,19.817062507943824,-72.80563873792332,1.3028252858988552e-14,-4.557294972955243,-26.226106069810992,0,0.0682
12.666666666666632,792.4022262896002,306.9915669794346,1.5728823538707585e-13,19.664687361327456,-73.69244773447578,1.3028252858988552e-14,-4.571254398491022,-26.604269896573705,0,0.0682
12.699999999999966,793.0526212043771,304.50516005268514,1.5772251048237547e-13,19.511847443307627,-74.59220780248316,1.3028252858988552e-14,-4.5851975405949,-26.992802040221562,0,0.0682
12.733333333333299,793.6979059844648,301.9883174961217,1.581567855776751e-13,19.35854340262956,-75.50527669690457,1.3028252858988552e-14,-4.599121220341983,-27.392066832642488,0,0.0682
12.766666666666632,794.3380651842378,299.4405833342066,1.585910606729747e-13,19.204775993191472,-76.4320248574512,1.3028252858988552e-14,-4.6130222831426195,-27.802444816398623,0,0.0682
12.799999999999965,794.9730833866798,296.86148880160357,1.5902533576827433e-13,19.05054607325925,-77.37283597809126,1.3028252858988552e-14,-4.626897597966607,-28.224333619201783,0,0.0682
12.833333333333298,795.6029452068367,294.25055188135195,1.5945961086357395e-13,18.89585460470699,-78.32810760754889,1.3028252858988552e-14,-4.640744056567852,-28.658148883728845,0,0.0682
12.866666666666632,796.2276352952462,291.60727682192606,1.5989388595887357e-13,18.740702652283375,-79.29825178277613,1.3028252858988552e-14,-4.654558572708467,-29.104325256817432,0,0.0682
12.899999999999965,796.847138341343,288.9311536320086,1.603281610541732e-13,18.585091382904004,-80.28369569752334,1.3028252858988552e-14,-4.668338081381176,-29.563317442416295,0,0.0682
12.933333333333298,797.461439076842,286.2216575517322,1.6076243614947281e-13,18.42902206496971,-81.28488240829103,1.3028252858988552e-14,-4.682079538028776,-30.035601323030335,0,0.0682
12.966666666666631,798.070522279099,283.47824849906164,1.6119671124477243e-13,18.272496067711067,-82.30227158011768,1.3028252858988552e-14,-4.695779917759358,-30.521675154799443,0,0.0682
12.999999999999964,798.674372774451,280.7003704899002,1.6163098634007206e-13,18.115514860559205,-83.33634027484393,1.3028252858988552e-14,-4.709436214555812,-31.022060841787702,0,0.0682
13.033333333333298,799.2729754415357,277.8874510304104,1.6206526143537168e-13,17.95808001254327,-84.38758378469521,1.3028252858988552e-14,-4.72304544047806,-31.537305295538243,0,0.0682
13.066666666666631,799.8663152145929,275.0389004799356,1.624995365306713e-13,17.800193191714726,-85.45651651424434,1.3028252858988552e-14,-4.736604624856325,-32.06798188647395,0,0.0682
13.099999999999964,800.4543770867461,272.15411138280047,1.6293381162597092e-13,17.641856164598938,-86.54367291405435,1.3028252858988552e-14,-4.7501108134736025,-32.614691994300415,0,0.0682
13.133333333333297,801.0371461132686,269.23245776714845,1.6336808672127054e-13,17.483070795674426,-87.64960846956102,1.3028252858988552e-14,-4.763561067735366,-33.17806666519974,0,0.0682
13.16666666666663,801.6146074148313,266.27329440884716,1.6380236181657016e-13,17.32383904688028,-88.77490074903766,1.3028252858988552e-14,-4.776952463824369,-33.75876838429912,0,0.0682
13.199999999999964,802.1867461807363,263.27595605835404,1.6423663691186978e-13,17.164162977152337,-89.92015051479308,1.3028252858988552e-14,-4.790282091838267,-34.357492972662776,0,0.0682
13.233333333333297,802.7535476721359,260.2397566282844,1.646709120071694e-13,17.004044741988753,-91.08598290208968,1.3028252858988552e-14,-4.803547054907557,-34.97497161889801,0,0.0682
13.26666666666663,803.3149972252374,257.1639883392632,1.6510518710246902e-13,16.843486593045714,-92.27304867063614,1.3028252858988552e-14,-4.816744468291189,-35.61197305639368,0,0.0682
13.299999999999963,803.8710802544963,254.0479208214662,1.6553946219776864e-13,16.68249087776415,-93.4820255339106,1.3028252858988552e-14,-4.829871458446959,-36.26930589823358,0,0.0682
13.333333333333297,804.4217822557972,250.8908001690659,1.6597373729306826e-13,16.521060039028363,-94.71361957200918,1.3028252858988552e-14,-4.842925162073573,-36.94782114295728,0,0.0682
13.36666666666663,804.9670888096258,247.69184794459272,1.6640801238836789e-13,16.359196614857662,-95.96856673419552,1.3028252858988552e-14,-4.85590272512103,-37.64841486559023,0,0.0682
13.399999999999963,805.5069855842302,244.4502601299976,1.668422874836675e-13,16.19690323813214,-97.24763443785376,1.3028252858988552e-14,-4.8688013017657,-38.37203110974744,0,0.0682
13.433333333333296,806.0414583387753,241.16520602096008,1.6727656257896713e-13,16.034182636353936,-98.5516232711253,1.3028252858988552e-14,-4.881618053346176,-39.11966499814582,0,0.0682
13.46666666666663,806.5704929264901,237.83582706072195,1.6771083767426675e-13,15.871037631445414,-99.88136880714387,1.3028252858988552e-14,-4.894350147255645,-39.89236608055733,0,0.0682
13.499999999999963,807.0940752978097,234.46123560943926,1.6814511276956637e-13,15.707471139585873,-101.23774353848118,1.3028252858988552e-14,-4.90699475578621,-40.69124194011927,0,0.0682
13.533333333333296,807.6121915035127,231.0405136447332,1.68579387864866e-13,15.543486171088535,-102.62165894118154,1.3028252858988552e-14,-4.919549054920164,-41.51746208101045,0,0.0682
13.56666666666663,808.1248276978566,227.57271138877957,1.690136629601656e-13,15.379085830319774,-104.03406767860922,1.3028252858988552e-14,-4.93201022306282,-42.37226212283035,0,0.0682
13.599999999999962,808.631970141712,224.05684585690415,1.6944793805546523e-13,15.214273315662739,-105.4759659562629,1.3028252858988552e-14,-4.944375439711035,-43.25694832961054,0,0.0682
13.633333333333296,809.1336052056963,220.49189932224618,1.6988221315076485e-13,15.049051919527704,-106.94839603973882,1.3028252858988552e-14,-4.956641884051051,-44.17290250427789,0,0.0682
13.666666666666629,809.6297193733101,216.87681769060754,1.7031648824606447e-13,14.883425028411747,-108.45244894915932,1.3028252858988552e-14,-4.968806733478718,-45.1215872826147,0,0.0682
13.699999999999962,810.120299244077,213.2105087791196,1.707507633413641e-13,14.717396123010596,-109.9892673446382,1.3028252858988552e-14,-4.980867162034528,-46.10455186436604,0,0.0682
13.733333333333295,810.60533153669,209.49184049182813,1.7118503843666372e-13,14.550968778385755,-111.56004861874413,1.3028252858988552e-14,-4.992820338745238,-47.123438223178134,0,0.0682
13.766666666666628,811.0848030921629,205.71963888471268,1.7161931353196334e-13,14.38414666419032,-113.16604821346316,1.3028252858988552e-14,-5.0046634258630665,-48.17998784157057,0,0.0682
13.799999999999962,811.5587008769949,201.892686112017,1.7205358862726296e-13,14.216933544957232,-114.8085831808703,1.3028252858988552e-14,-5.016393576992625,-49.27604902221423,0,0.0682
13.833333333333295,812.0270119863434,198.00971824506303,1.7248786372256258e-13,14.049333280454071,-116.48903600861965,1.3028252858988552e-14,-5.028007935094829,-50.41358483248062,0,0.0682
13.866666666666628,812.4897236472136,194.06942295394722,1.729221388178622e-13,13.881349826108872,-118.20885873347409,1.3028252858988552e-14,-5.039503630355976,-51.594681745633245,0,0.0682
13.899999999999961,812.946823221664,190.0704370416656,1.7335641391316182e-13,13.712987233511903,-119.9695773684489,1.3028252858988552e-14,-5.05087777790907,-52.821559049244144,0,0.0682
13.933333333333294,813.3982982100306,186.01134381927335,1.7379068900846144e-13,13.544249650998799,-121.77279667176742,1.3028252858988552e-14,-5.062127475393128,-54.09657909955601,0,0.0682
13.966666666666628,813.8441362541746,181.8906703096481,1.7422496410376106e-13,13.37514132432097,-123.6202052887574,1.3028252858988552e-14,-5.073249800334876,-55.42225850969944,0,0.0682
13.999999999999961,814.284325140755,177.70688426627834,1.7465923919906068e-13,13.205666597409783,-125.51358130109315,1.3028252858988552e-14,-5.084241807335582,-56.80128037007236,0,0.0682
14.033333333333294,814.7188528045297,173.4583909922297,1.750935142943603e-13,13.035829913241649,-127.45479822145872,1.3028252858988552e-14,-5.095100525044019,-58.236507610966804,0,0.0682
14.066666666666627,815.1477073316901,169.14352994303565,1.7552778938965992e-13,12.86563581481183,-129.44583147582185,1.3028252858988552e-14,-5.105822952894603,-59.73099763089404,0,0.0682
14.09999999999996,815.570876963231,164.76057109569797,1.7596206448495955e-13,12.695088946225582,-131.4887654201302,1.3028252858988552e-14,-5.11640605758747,-61.28801832925026,0,0.0682
14.133333333333294,815.9883500983615,160.30771106425001,1.7639633958025917e-13,12.524194053916087,-133.58580094343878,1.3028252858988552e-14,-5.126846769284835,-62.9110656992578,0,0.0682
14.166666666666627,816.4001152979615,155.78306894040557,1.768306146755588e-13,12.352955987999584,-135.73926371533338,1.3028252858988552e-14,-5.13714197749507,-64.60388315683775,0,0.0682
14.19999999999996,816.8061612880875,151.18468183566824,1.772648897708584e-13,12.181379703779152,-137.9516131421199,1.3028252858988552e-14,-5.147288526612944,-66.37048280359564,0,0.0682
14.233333333333293,817.2064769635346,146.5105000988777,1.7769916486615803e-13,12.009470263409796,-140.2254521037159,1.3028252858988552e-14,-5.157283211080702,-68.2151688478796,0,0.0682
14.266666666666627,817.6010513914592,141.75838218049006,1.7813343996145765e-13,11.837232837738767,-142.56353755162996,1.3028252858988552e-14,-5.16712277013086,-70.14256343742201,0,0.0682
14.29999999999996,817.9898738150705,136.92608911189015,1.7856771505675727e-13,11.664672708336537,-144.9687920579972,1.3028252858988552e-14,-5.176803882066902,-72.1576351910174,0,0.0682
14.333333333333293,818.372933657395,132.01127856467275,1.790019901520569e-13,11.491795269735439,-147.44431641652213,1.3028252858988552e-14,-5.1863231580329545,-74.26573075574741,0,0.0682
14.366666666666626,818.7502205251249,127.0114984510539,1.7943626524735651e-13,11.318606031894847,-149.99340340856548,1.3028252858988552e-14,-5.195677135217779,-76.47260976130109,0,0.0682
14.39999999999996,819.1217242125554,121.92418002232952,1.7987054034265613e-13,11.145110622913794,-152.6195528617312,1.3028252858988552e-14,-5.204862269431577,-78.78448359497112,0,0.0682
14.433333333333293,819.4874347056225,116.74663041751498,1.8030481543795576e-13,10.971314792014235,-155.3264881444363,1.3028252858988552e-14,-5.2138749269867946,-81.20805848115276,0,0.0682
14.466666666666626,819.8473421860499,111.47602460890147,1.8073909053325538e-13,10.797224412820727,-158.11817425840536,1.3028252858988552e-14,-5.2227113758052655,-83.75058341907217,0,0.0682
14.49999999999996,820.2014370356154,106.10939668516156,1.81173365628555e-13,10.62284548696525,-160.99883771219726,1.3028252858988552e-14,-5.231367775664323,-86.41990361375682,0,0.0682
14.533333333333292,820.5497098405503,100.64363040572165,1.8160764072385462e-13,10.448184148049146,-163.97298838319722,1.3028252858988552e-14,-5.239840167483151,-89.22452012999914,0,0.0682
14.566666666666626,820.8921513960836,95.07544895227092,1.8204191581915424e-13,10.27324666599789,-167.04544360352202,1.3028252858988552e-14,-5.248124461537661,-92.17365660974377,0,0.0682
14.599999999999959,821.2287527111453,89.40140379435024,1.8247619091445386e-13,10.098039451848646,-170.22135473762015,1.3028252858988552e-14,-5.256216424477339,-95.2773340229438,0,0.0682
14.633333333333292,821.5595050132458,83.61786257579169,1.8291046600975348e-13,9.922569063015306,-173.50623655675685,1.3028252858988552e-14,-5.264111665000199,-98.54645457410064,0,0.0682
14.666666666666625,821.8843997535486,77.72099591716,1.833447411050531e-13,9.746842209081231,-176.90599975895066,1.3028252858988552e-14,-5.271805618022244,-101.99289606581459,0,0.0682
14.699999999999958,822.2034286121544,71.70676301604824,1.8377901620035272e-13,9.570865758176074,-180.42698703335253,1.3028252858988552e-14,-5.279293527154688,-105.6296182320564,0,0.0682
14.733333333333292,822.5165835036211,65.5708959118209,1.8421329129565234e-13,9.394646744000221,-184.07601312682016,1.3028252858988552e-14,-5.286570425275598,-109.47078280402914,0,0.0682
14.766666666666625,822.8238565827401,59.30888226385092,1.8464756639095196e-13,9.218192373568506,-187.86040943909944,1.3028252858988552e-14,-5.293631112951433,-113.53188936837887,0,0.0682
14.799999999999958,823.1252402505985,52.915946472068825,1.8508184148625159e-13,9.041510035754248,-191.78807375346273,1.3028252858988552e-14,-5.3004701344277585,-117.82992943089856,0,0.0682
14.833333333333291,823.4207271609561,46.387028945263644,1.855161165815512e-13,8.864607310725383,-195.8675258041554,1.3028252858988552e-14,-5.307081750865943,-122.38356152078029,0,0.0682
14.866666666666625,823.7103102269687,39.716763295485364,1.8595039167685083e-13,8.687491980376954,-200.1079694933484,1.3028252858988552e-14,-5.313459910452869,-127.21331067579014,0,0.0682
14.899999999999958,823.993982628298,32.89945120542272,1.8638466677215045e-13,8.510172039878547,-204.51936270187923,1.3028252858988552e-14,-5.319598214952213,-132.34179625592463,0,0.0682
14.933333333333291,824.271737818647,25.929034678954338,1.8681894186745007e-13,8.332655710471993,-209.11249579405154,1.3028252858988552e-14,-5.325489882196653,-137.7939927651697,0,0.0682
14.966666666666624,824.5435695337695,18.799065342211843,1.872532169627497e-13,8.154951453674034,-213.89908010227487,1.3028252858988552e-14,-5.33112770393878,-143.59752924669957,0,0.0682
14.999999999999957,824.8094718000049,11.502670412255586,1.876874920580493e-13,7.977067987061322,-218.89184789868776,1.3028252858988552e-14,-5.3365039983813505,-149.78303389238656,0,0.0682
15.03333333333329,825.0694389433996,4.0325148913899245,1.8812176715334893e-13,7.799014301841589,-224.10466562596986,1.3028252858988552e-14,-5.341610556592013,-156.38453181846316,0,0.0682
15.066666666666624,825.3234655994812,-3.6192405245462016,1.8855604224864855e-13,7.620799682445936,-229.5526624780838,1.3028252858988552e-14,-5.346438581869583,-163.43990556341768,0,0.0682
