time,xPos,yPos,xVelo,yVelo,xAcc,yAcc
0.0,0.0,0.0,100.0,100.0,0,-9.81
0.03344788953866136,2.365122950916603,2.359635426668537,100.0,99.67187620362573,0,-9.81
0.06689577907732272,4.730245901833206,4.708295804840941,100.0,99.34375240725146,0,-9.81
0.10034366861598408,7.095368852749809,7.045981134517212,100.0,99.0156286108772,0,-9.81
0.13379155815464544,9.460491803666413,9.372691415697352,100.0,98.68750481450293,0,-9.81
0.1672394476933068,11.825614754583015,11.688426648381355,100.0,98.35938101812866,0,-9.81
0.20068733723196816,14.190737705499618,13.99318683256923,100.0,98.03125722175439,0,-9.81
0.23413522677062953,16.555860656416222,16.28697196826097,100.0,97.70313342538013,0,-9.81
0.2675831163092909,18.920983607332825,18.569782055456578,100.0,97.37500962900586,0,-9.81
0.3010310058479522,21.286106558249426,20.84161709415605,100.0,97.04688583263159,0,-9.81
0.3344788953866136,23.65122950916603,23.102477084359393,100.0,96.71876203625732,0,-9.81
0.367926784925275,26.016352460082636,25.352362026066608,100.0,96.39063823988305,0,-9.81
0.4013746744639363,28.381475410999236,27.59127191927768,100.0,96.06251444350879,0,-9.81
0.43482256400259767,30.74659836191584,29.819206763992625,100.0,95.73439064713452,0,-9.81
0.46827045354125907,33.111721312832444,32.036166560211434,100.0,95.40626685076025,0,-9.81
0.5017183430799204,35.476844263749044,34.242151307934115,100.0,95.07814305438598,0,-9.81
0.5351662326185818,37.84196721466565,36.43716100716066,100.0,94.75001925801172,0,-9.81
0.5686141221572432,40.20709016558226,38.62119565789108,100.0,94.42189546163745,0,-9.81
0.6020620116959045,42.57221311649885,40.79425526012535,100.0,94.09377166526318,0,-9.81
0.6355099012345659,44.93733606741546,42.9563398138635,100.0,93.7656478688889,0,-9.81
0.6689577907732271,47.30245901833206,45.10744931910551,100.0,93.43752407251463,0,-9.81
0.7024056803118885,49.667581969248666,47.247583775851396,100.0,93.10940027614038,0,-9.81
0.73585356985055,52.03270492016527,49.37674318410115,100.0,92.7812764797661,0,-9.81
0.7693014593892112,54.397827871081866,51.49492754385476,100.0,92.45315268339183,0,-9.81
0.8027493489278726,56.76295082199847,53.60213685511225,100.0,92.12502888701756,0,-9.81
0.836197238466534,59.12807377291508,55.698371117873606,100.0,91.7969050906433,0,-9.81
0.8696451280051953,61.49319672383168,57.78363033213882,100.0,91.46878129426904,0,-9.81
0.9030930175438567,63.85831967474829,59.857914497907906,100.0,91.14065749789476,0,-9.81
0.9365409070825181,66.22344262566489,61.92122361518086,100.0,90.8125337015205,0,-9.81
0.9699887966211794,68.58856557658149,63.97355768395768,100.0,90.48440990514624,0,-9.81
1.0034366861598407,70.95368852749809,66.01491670423836,100.0,90.15628610877197,0,-9.81
1.0368845756985021,73.31881147841469,68.04530067602292,100.0,89.8281623123977,0,-9.81
1.0703324652371635,75.6839344293313,70.06470959931134,100.0,89.50003851602342,0,-9.81
1.103780354775825,78.0490573802479,72.07314347410363,100.0,89.17191471964915,0,-9.81
1.1372282443144863,80.41418033116452,74.0706023003998,100.0,88.8437909232749,0,-9.81
1.1706761338531475,82.7793032820811,76.0570860781998,100.0,88.51566712690062,0,-9.81
1.204124023391809,85.1444262329977,78.0325948075037,100.0,88.18754333052635,0,-9.81
1.2375719129304703,87.50954918391432,79.99712848831146,100.0,87.85941953415208,0,-9.81
1.2710198024691317,89.87467213483092,81.95068712062309,100.0,87.53129573777781,0,-9.81
1.3044676920077931,92.23979508574753,83.89327070443859,100.0,87.20317194140355,0,-9.81
1.3379155815464543,94.60491803666412,85.82487923975793,100.0,86.87504814502928,0,-9.81
1.3713634710851157,96.97004098758072,87.74551272658115,100.0,86.54692434865501,0,-9.81
1.404811360623777,99.33516393849733,89.65517116490827,100.0,86.21880055228074,0,-9.81
1.4382592501624385,101.70028688941393,91.55385455473922,100.0,85.89067675590648,0,-9.81
1.4717071397011,104.06540984033055,93.44156289607406,100.0,85.56255295953221,0,-9.81
1.5051550292397613,106.43053279124715,95.31829618891275,100.0,85.23442916315794,0,-9.81
1.5386029187784225,108.79565574216373,97.18405443325531,100.0,84.90630536678367,0,-9.81
1.5720508083170839,111.16077869308035,99.03883762910175,100.0,84.57818157040941,0,-9.81
1.6054986978557453,113.52590164399695,100.88264577645204,100.0,84.25005777403514,0,-9.81
1.6389465873944067,115.89102459491356,102.71547887530622,100.0,83.92193397766087,0,-9.81
1.672394476933068,118.25614754583016,104.53733692566425,100.0,83.5938101812866,0,-9.81
1.7058423664717293,120.62127049674675,106.34821992752613,100.0,83.26568638491233,0,-9.81
1.7392902560103907,122.98639344766336,108.1481278808919,100.0,82.93756258853807,0,-9.81
1.772738145549052,125.35151639857996,109.93706078576155,100.0,82.6094387921638,0,-9.81
1.8061860350877135,127.71663934949657,111.71501864213505,100.0,82.28131499578953,0,-9.81
1.8396339246263749,130.08176230041317,113.48200145001242,100.0,81.95319119941526,0,-9.81
1.8730818141650363,132.44688525132977,115.23800920939365,100.0,81.62506740304099,0,-9.81
1.9065297037036975,134.81200820224637,116.98304192027877,100.0,81.29694360666673,0,-9.81
1.9399775932423589,137.17713115316297,118.71709958266773,100.0,80.96881981029246,0,-9.81
1.9734254827810203,139.54225410407957,120.44018219656056,100.0,80.64069601391819,0,-9.81
2.0068733723196814,141.90737705499618,122.15228976195726,100.0,80.31257221754393,0,-9.81
2.040321261858343,144.2725000059128,123.85342227885786,100.0,79.98444842116965,0,-9.81
2.0737691513970042,146.63762295682938,125.54357974726227,100.0,79.65632462479539,0,-9.81
2.107217040935666,149.002745907746,127.2227621671706,100.0,79.32820082842112,0,-9.81
2.140664930474327,151.3678688586626,128.89096953858277,100.0,79.00007703204685,0,-9.81
2.1741128200129882,153.7329918095792,130.54820186149882,100.0,78.67195323567259,0,-9.81
2.20756070955165,156.0981147604958,132.19445913591872,100.0,78.34382943929832,0,-9.81
2.241008599090311,158.4632377114124,133.8297413618425,100.0,78.01570564292405,0,-9.81
2.2744564886289727,160.82836066232903,135.45404853927016,100.0,77.68758184654978,0,-9.81
2.307904378167634,163.1934836132456,137.06738066820165,100.0,77.3594580501755,0,-9.81
2.341352267706295,165.5586065641622,138.66973774863703,100.0,77.03133425380125,0,-9.81
2.3748001572449566,167.92372951507883,140.26111978057628,100.0,76.70321045742698,0,-9.81
2.408248046783618,170.2888524659954,141.84152676401936,100.0,76.3750866610527,0,-9.81
2.4416959363222794,172.65397541691203,143.41095869896637,100.0,76.04696286467843,0,-9.81
2.4751438258609406,175.01909836782863,144.96941558541724,100.0,75.71883906830416,0,-9.81
2.508591715399602,177.38422131874523,146.51689742337194,100.0,75.3907152719299,0,-9.81
2.5420396049382634,179.74934426966183,148.05340421283051,100.0,75.06259147555564,0,-9.81
2.5754874944769246,182.11446722057843,149.57893595379295,100.0,74.73446767918136,0,-9.81
2.6089353840155862,184.47959017149506,151.0934926462593,100.0,74.40634388280709,0,-9.81
2.6423832735542474,186.84471312241163,152.59707429022944,100.0,74.07822008643284,0,-9.81
2.6758311630929086,189.20983607332823,154.0896808857035,100.0,73.75009629005856,0,-9.81
2.70927905263157,191.57495902424486,155.57131243268145,100.0,73.4219724936843,0,-9.81
2.7427269421702314,193.94008197516143,157.0419689311632,100.0,73.09384869731002,0,-9.81
2.776174831708893,196.30520492607806,158.50165038114886,100.0,72.76572490093577,0,-9.81
2.809622721247554,198.67032787699466,159.9503567826384,100.0,72.4376011045615,0,-9.81
2.843070610786216,201.0354508279113,161.38808813563182,100.0,72.10947730818722,0,-9.81
2.876518500324877,203.40057377882786,162.81484444012904,100.0,71.78135351181295,0,-9.81
2.909966389863538,205.76569672974446,164.23062569613015,100.0,71.45322971543868,0,-9.81
2.9434142794022,208.1308196806611,165.63543190363515,100.0,71.12510591906442,0,-9.81
2.976862168940861,210.49594263157766,167.029263062644,100.0,70.79698212269015,0,-9.81
3.0103100584795226,212.8610655824943,168.41211917315673,100.0,70.46885832631588,0,-9.81
3.043757948018184,215.2261885334109,169.78400023517332,100.0,70.14073452994161,0,-9.81
3.077205837556845,217.59131148432746,171.14490624869376,100.0,69.81261073356735,0,-9.81
3.1106537270955066,219.9564344352441,172.4948372137181,100.0,69.48448693719308,0,-9.81
3.1441016166341678,222.3215573861607,173.8337931302463,100.0,69.15636314081881,0,-9.81
3.1775495061728294,224.68668033707732,175.1617739982784,100.0,68.82823934444454,0,-9.81
3.2109973957114906,227.0518032879939,176.47877981781429,100.0,68.50011554807028,0,-9.81
3.2444452852501517,229.4169262389105,177.78481058885407,100.0,68.17199175169601,0,-9.81
3.2778931747888134,231.78204918982712,179.07986631139775,100.0,67.84386795532174,0,-9.81
3.3113410643274745,234.1471721407437,180.36394698544527,100.0,67.51574415894747,0,-9.81
3.344788953866136,236.51229509166032,181.63705261099668,100.0,67.1876203625732,0,-9.81
3.3782368434047974,238.87741804257692,182.89918318805195,100.0,66.85949656619894,0,-9.81
3.4116847329434585,241.2425409934935,184.15033871661103,100.0,66.53137276982467,0,-9.81
3.44513262248212,243.60766394441012,185.39051919667406,100.0,66.2032489734504,0,-9.81
3.4785805120207813,245.97278689532672,186.61972462824093,100.0,65.87512517707614,0,-9.81
3.512028401559443,248.33790984624335,187.8379550113117,100.0,65.54700138070186,0,-9.81
3.545476291098104,250.70303279715992,189.04521034588626,100.0,65.2188775843276,0,-9.81
3.5789241806367653,253.06815574807652,190.24149063196472,100.0,64.89075378795333,0,-9.81
3.612372070175427,255.43327869899315,191.42679586954708,100.0,64.56262999157906,0,-9.81
3.645819959714088,257.79840164990975,192.60112605863327,100.0,64.2345061952048,0,-9.81
3.6792678492527497,260.16352460082635,193.76448119922333,100.0,63.90638239883052,0,-9.81
3.712715738791411,262.52864755174295,194.91686129131728,100.0,63.57825860245626,0,-9.81
3.7461636283300725,264.89377050265955,196.05826633491506,100.0,63.25013480608199,0,-9.81
3.7796115178687337,267.25889345357615,197.18869633001674,100.0,62.92201100970772,0,-9.81
3.813059407407395,269.62401640449275,198.3081512766223,100.0,62.59388721333345,0,-9.81
3.8465072969460565,271.98913935540935,199.41663117473166,100.0,62.26576341695918,0,-9.81
3.8799551864847177,274.35426230632595,200.51413602434496,100.0,61.93763962058492,0,-9.81
3.9134030760233793,276.7193852572426,201.60066582546216,100.0,61.609515824210646,0,-9.81
3.9468509655620405,279.08450820815915,202.67622057808308,100.0,61.28139202783638,0,-9.81
3.9802988551007017,281.44963115907575,203.74080028220797,100.0,60.95326823146211,0,-9.81
4.013746744639363,283.81475410999235,204.7944049378367,100.0,60.62514443508785,0,-9.81
4.047194634178025,286.179877060909,205.83703454496936,100.0,60.297020638713576,0,-9.81
4.080642523716686,288.5450000118256,206.86868910360585,100.0,59.968896842339305,0,-9.81
4.114090413255347,290.9101229627422,207.88936861374617,100.0,59.64077304596504,0,-9.81
4.1475383027940085,293.27524591365875,208.89907307539036,100.0,59.31264924959078,0,-9.81
4.18098619233267,295.64036886457535,209.89780248853845,100.0,58.984525453216506,0,-9.81
4.214434081871332,298.005491815492,210.8855568531904,100.0,58.656401656842235,0,-9.81
4.247881971409993,300.3706147664086,211.86233616934624,100.0,58.32827786046797,0,-9.81
4.281329860948654,302.7357377173252,212.8281404370059,100.0,58.0001540640937,0,-9.81
4.314777750487315,305.1008606682418,213.78296965616943,100.0,57.672030267719435,0,-9.81
4.3482256400259764,307.4659836191584,214.7268238268369,100.0,57.34390647134517,0,-9.81
4.3816735295646385,309.831106570075,215.65970294900814,100.0,57.01578267497089,0,-9.81
4.4151214191033,312.1962295209916,216.58160702268327,100.0,56.68765887859663,0,-9.81
4.448569308641961,314.5613524719082,217.4925360478623,100.0,56.359535082222365,0,-9.81
4.482017198180622,316.9264754228248,218.39249002454517,100.0,56.031411285848094,0,-9.81
4.515465087719283,319.2915983737414,219.28146895273196,100.0,55.70328748947383,0,-9.81
4.548912977257945,321.65672132465806,220.15947283242258,100.0,55.37516369309955,0,-9.81
4.5823608667966065,324.02184427557467,221.02650166361707,100.0,55.04703989672529,0,-9.81
4.615808756335268,326.3869672264912,221.8825554463154,100.0,54.718916100351024,0,-9.81
4.649256645873929,328.7520901774078,222.7276341805176,100.0,54.39079230397675,0,-9.81
4.68270453541259,331.1172131283244,223.5617378662237,100.0,54.06266850760249,0,-9.81
4.716152424951252,333.48233607924107,224.38486650343367,100.0,53.73454471122822,0,-9.81
4.749600314489913,335.84745903015767,225.1970200921475,100.0,53.406420914853946,0,-9.81
4.7830482040285744,338.21258198107427,225.9981986323652,100.0,53.07829711847968,0,-9.81
4.816496093567236,340.5777049319908,226.7884021240867,100.0,52.75017332210542,0,-9.81
4.849943983105897,342.9428278829074,227.5676305673121,100.0,52.42204952573115,0,-9.81
4.883391872644559,345.30795083382407,228.33588396204144,100.0,52.093925729356876,0,-9.81
4.91683976218322,347.67307378474067,229.0931623082746,100.0,51.76580193298261,0,-9.81
4.950287651721881,350.03819673565727,229.83946560601163,100.0,51.43767813660834,0,-9.81
4.983735541260542,352.40331968657387,230.57479385525255,100.0,51.10955434023408,0,-9.81
5.017183430799204,354.76844263749047,231.2991470559973,100.0,50.78143054385981,0,-9.81
5.050631320337866,357.13356558840707,232.0125252082459,100.0,50.453306747485534,0,-9.81
5.084079209876527,359.49868853932367,232.7149283119984,100.0,50.12518295111127,0,-9.81
5.117527099415188,361.86381149024027,233.40635636725477,100.0,49.797059154737006,0,-9.81
5.150974988953849,364.22893444115687,234.086809374015,100.0,49.468935358362735,0,-9.81
5.18442287849251,366.59405739207347,234.7562873322791,100.0,49.14081156198847,0,-9.81
5.2178707680311724,368.9591803429901,235.41479024204708,100.0,48.81268776561419,0,-9.81
5.251318657569834,371.3243032939067,236.06231810331892,100.0,48.48456396923993,0,-9.81
5.284766547108495,373.68942624482327,236.69887091609456,100.0,48.156440172865665,0,-9.81
5.318214436647156,376.05454919573987,237.32444868037413,100.0,47.828316376491394,0,-9.81
5.351662326185817,378.41967214665647,237.93905139615757,100.0,47.50019258011713,0,-9.81
5.385110215724479,380.7847950975731,238.5426790634449,100.0,47.17206878374286,0,-9.81
5.41855810526314,383.1499180484897,239.13533168223609,100.0,46.84394498736859,0,-9.81
5.452005994801802,385.5150409994063,239.7170092525311,100.0,46.51582119099432,0,-9.81
5.485453884340463,387.88016395032287,240.28771177432995,100.0,46.18769739462006,0,-9.81
5.518901773879125,390.2452869012395,240.84743924763276,100.0,45.85957359824578,0,-9.81
5.552349663417786,392.6104098521561,241.3961916724394,100.0,45.53144980187152,0,-9.81
5.585797552956447,394.9755328030727,241.9339690487499,100.0,45.20332600549725,0,-9.81
5.619245442495108,397.3406557539893,242.46077137656428,100.0,44.87520220912298,0,-9.81
5.65269333203377,399.7057787049059,242.97659865588253,100.0,44.54707841274872,0,-9.81
5.686141221572432,402.0709016558226,243.48145088670466,100.0,44.21895461637444,0,-9.81
5.719589111111093,404.4360246067391,243.97532806903055,100.0,43.890830820000176,0,-9.81
5.753037000649754,406.8011475576557,244.45823020286042,100.0,43.56270702362591,0,-9.81
5.786484890188415,409.1662705085723,244.93015728819412,100.0,43.23458322725165,0,-9.81
5.819932779727076,411.5313934594889,245.3911093250317,100.0,42.906459430877376,0,-9.81
5.853380669265738,413.8965164104056,245.84108631337318,100.0,42.578335634503105,0,-9.81
5.8868285588044,416.2616393613222,246.28008825321848,100.0,42.250211838128834,0,-9.81
5.920276448343061,418.6267623122388,246.70811514456767,100.0,41.92208804175457,0,-9.81
5.953724337881722,420.9918852631553,247.12516698742064,100.0,41.593964245380306,0,-9.81
5.987172227420383,423.3570082140719,247.5312437817776,100.0,41.26584044900604,0,-9.81
6.020620116959045,425.7221311649886,247.92634552763838,100.0,40.937716652631764,0,-9.81
6.054068006497706,428.0872541159052,248.31047222500302,100.0,40.6095928562575,0,-9.81
6.087515896036368,430.4523770668218,248.68362387387154,100.0,40.28146905988323,0,-9.81
6.120963785575029,432.8175000177384,249.04580047424392,100.0,39.953345263508965,0,-9.81
6.15441167511369,435.1826229686549,249.39700202612013,100.0,39.6252214671347,0,-9.81
6.187859564652352,437.5477459195716,249.73722852950027,100.0,39.29709767076042,0,-9.81
6.221307454191013,439.9128688704882,250.06647998438427,100.0,38.96897387438616,0,-9.81
6.254755343729674,442.2779918214048,250.3847563907721,100.0,38.640850078011894,0,-9.81
6.2882032332683355,444.6431147723214,250.6920577486638,100.0,38.31272628163762,0,-9.81
6.321651122806997,447.008237723238,250.9883840580594,100.0,37.98460248526336,0,-9.81
6.355099012345659,449.37336067415464,251.2737353189589,100.0,37.65647868888908,0,-9.81
6.38854690188432,451.7384836250712,251.54811153136217,100.0,37.32835489251482,0,-9.81
6.421994791422981,454.1036065759878,251.81151269526933,100.0,37.00023109614055,0,-9.81
6.455442680961642,456.4687295269044,252.0639388106804,100.0,36.67210729976629,0,-9.81
6.4888905705003035,458.833852477821,252.30538987759533,100.0,36.34398350339202,0,-9.81
6.522338460038966,461.19897542873764,252.53586589601414,100.0,36.015859707017746,0,-9.81
6.555786349577627,463.56409837965424,252.7553668659368,100.0,35.68773591064348,0,-9.81
6.589234239116288,465.92922133057084,252.96389278736333,100.0,35.35961211426921,0,-9.81
6.622682128654949,468.2943442814874,253.16144366029368,100.0,35.03148831789494,0,-9.81
6.65613001819361,470.659467232404,253.34801948472796,100.0,34.70336452152068,0,-9.81
6.689577907732272,473.02459018332064,253.5236202606661,100.0,34.37524072514641,0,-9.81
6.7230257972709335,475.38971313423724,253.68824598810806,100.0,34.04711692877214,0,-9.81
6.756473686809595,477.75483608515384,253.84189666705393,100.0,33.71899313239787,0,-9.81
6.789921576348256,480.11995903607044,253.98457229750366,100.0,33.39086933602361,0,-9.81
6.823369465886917,482.485081986987,254.1162728794572,100.0,33.06274553964934,0,-9.81
6.856817355425579,484.85020493790364,254.2369984129147,100.0,32.73462174327507,0,-9.81
6.89026524496424,487.21532788882024,254.346748897876,100.0,32.4064979469008,0,-9.81
6.9237131345029015,489.58045083973684,254.44552433434123,100.0,32.07837415052653,0,-9.81
6.957161024041563,491.94557379065344,254.53332472231028,100.0,31.75025035415227,0,-9.81
6.990608913580224,494.31069674157004,254.61015006178323,100.0,31.422126557778,0,-9.81
7.024056803118886,496.6758196924867,254.67600035276,100.0,31.09400276140373,0,-9.81
7.057504692657547,499.04094264340324,254.73087559524063,100.0,30.765878965029458,0,-9.81
7.090952582196208,501.40606559431984,254.77477578922517,100.0,30.437755168655187,0,-9.81
7.1244004717348695,503.77118854523644,254.8077009347136,100.0,30.10963137228093,0,-9.81
7.157848361273531,506.13631149615304,254.82965103170588,100.0,29.78150757590666,0,-9.81
7.191296250812193,508.5014344470697,254.84062608020201,100.0,29.453383779532388,0,-9.81
7.224744140350854,510.8665573979863,254.84062608020201,100.0,29.125259983158116,0,-9.81
7.258192029889515,513.2316803489028,254.82965103170585,100.0,28.79713618678386,0,-9.81
7.291639919428176,515.5968032998195,254.80770093471364,100.0,28.46901239040959,0,-9.81
7.325087808966837,517.961926250736,254.7747757892252,100.0,28.140888594035317,0,-9.81
7.3585356985054995,520.3270492016527,254.73087559524066,100.0,27.812764797661046,0,-9.81
7.391983588044161,522.6921721525692,254.67600035275996,100.0,27.484641001286775,0,-9.81
7.425431477582822,525.0572951034859,254.61015006178326,100.0,27.156517204912518,0,-9.81
7.458879367121483,527.4224180544024,254.53332472231023,100.0,26.828393408538247,0,-9.81
7.492327256660145,529.7875410053191,254.4455243343412,100.0,26.500269612163976,0,-9.81
7.525775146198806,532.1526639562358,254.34674889787607,100.0,26.172145815789705,0,-9.81
7.5592230357374675,534.5177869071523,254.23699841291472,100.0,25.844022019415434,0,-9.81
7.592670925276129,536.882909858069,254.1162728794573,100.0,25.515898223041177,0,-9.81
7.62611881481479,539.2480328089855,253.9845722975037,100.0,25.187774426666905,0,-9.81
7.659566704353452,541.6131557599022,253.84189666705396,100.0,24.859650630292634,0,-9.81
7.693014593892113,543.9782787108187,253.688245988108,100.0,24.531526833918363,0,-9.81
7.726462483430774,546.3434016617354,253.52362026066612,100.0,24.203403037544106,0,-9.81
7.759910372969435,548.7085246126519,253.34801948472796,100.0,23.875279241169835,0,-9.81
7.793358262508097,551.0736475635686,253.16144366029374,100.0,23.547155444795564,0,-9.81
7.826806152046759,553.4387705144852,252.96389278736336,100.0,23.219031648421293,0,-9.81
7.86025404158542,555.8038934654018,252.75536686593682,100.0,22.89090785204702,0,-9.81
7.893701931124081,558.1690164163183,252.53586589601406,100.0,22.562784055672765,0,-9.81
7.927149820662742,560.534139367235,252.30538987759536,100.0,22.234660259298494,0,-9.81
7.960597710201403,562.8992623181515,252.06393881068038,100.0,21.906536462924223,0,-9.81
7.9940455997400655,565.2643852690682,251.81151269526936,100.0,21.57841266654995,0,-9.81
8.027493489278726,567.6295082199847,251.54811153136217,100.0,21.250288870175694,0,-9.81
8.060941378817388,569.9946311709014,251.27373531895887,100.0,20.922165073801423,0,-9.81
8.09438926835605,572.359754121818,250.9883840580594,100.0,20.594041277427152,0,-9.81
8.12783715789471,574.7248770727346,250.69205774866384,100.0,20.265917481052895,0,-9.81
8.161285047433372,577.0900000236512,250.3847563907721,100.0,19.93779368467861,0,-9.81
8.194732936972033,579.4551229745678,250.06647998438433,100.0,19.609669888304353,0,-9.81
8.228180826510695,581.8202459254844,249.73722852950033,100.0,19.281546091930082,0,-9.81
8.261628716049357,584.1853688764011,249.39700202612028,100.0,18.95342229555581,0,-9.81
8.295076605588017,586.5504918273175,249.04580047424395,100.0,18.625298499181554,0,-9.81
8.328524495126679,588.9156147782342,248.6836238738715,100.0,18.29717470280727,0,-9.81
8.36197238466534,591.2807377291507,248.31047222500302,100.0,17.96905090643301,0,-9.81
8.395420274204001,593.6458606800674,247.92634552763838,100.0,17.64092711005874,0,-9.81
8.428868163742663,596.010983630984,247.53124378177756,100.0,17.31280331368447,0,-9.81
8.462316053281324,598.3761065819006,247.12516698742076,100.0,16.984679517310212,0,-9.81
8.495763942819986,600.7412295328172,246.70811514456767,100.0,16.65655572093594,0,-9.81
8.529211832358646,603.1063524837338,246.28008825321848,100.0,16.328431924561684,0,-9.81
8.562659721897308,605.4714754346504,245.84108631337318,100.0,16.0003081281874,0,-9.81
8.59610761143597,607.8365983855671,245.39110932503172,100.0,15.672184331813128,0,-9.81
8.62955550097463,610.2017213364836,244.93015728819415,100.0,15.34406053543887,0,-9.81
8.663003390513293,612.5668442874003,244.45823020286048,100.0,15.0159367390646,0,-9.81
8.696451280051953,614.9319672383168,243.9753280690307,100.0,14.687812942690343,0,-9.81
8.729899169590615,617.2970901892334,243.48145088670464,100.0,14.359689146316057,0,-9.81
8.763347059129277,619.66221314015,242.97659865588247,100.0,14.031565349941786,0,-9.81
8.796794948667937,622.0273360910666,242.46077137656425,100.0,13.70344155356753,0,-9.81
8.8302428382066,624.3924590419832,241.93396904874993,100.0,13.375317757193258,0,-9.81
8.86369072774526,626.7575819928998,241.39619167243944,100.0,13.047193960819001,0,-9.81
8.897138617283922,629.1227049438164,240.8474392476328,100.0,12.71907016444473,0,-9.81
8.930586506822584,631.4878278947331,240.28771177433003,100.0,12.390946368070445,0,-9.81
8.964034396361244,633.8529508456496,239.7170092525311,100.0,12.062822571696188,0,-9.81
8.997482285899906,636.2180737965663,239.13533168223609,100.0,11.734698775321917,0,-9.81
9.030930175438566,638.5831967474828,238.542679063445,100.0,11.40657497894766,0,-9.81
9.064378064977229,640.9483196983995,237.93905139615765,100.0,11.078451182573389,0,-9.81
9.09782595451589,643.3134426493161,237.3244486803742,100.0,10.750327386199103,0,-9.81
9.131273844054551,645.6785656002327,236.69887091609468,100.0,10.422203589824846,0,-9.81
9.164721733593213,648.0436885511493,236.06231810331894,100.0,10.094079793450575,0,-9.81
9.198169623131873,650.4088115020658,235.4147902420471,100.0,9.765955997076318,0,-9.81
9.231617512670535,652.7739344529824,234.7562873322791,100.0,9.437832200702047,0,-9.81
9.265065402209197,655.1390574038991,234.086809374015,100.0,9.109708404327776,0,-9.81
9.298513291747858,657.5041803548156,233.40635636725483,100.0,8.781584607953505,0,-9.81
9.33196118128652,659.8693033057323,232.71492831199845,100.0,8.453460811579234,0,-9.81
9.36540907082518,662.2344262566488,232.01252520824596,100.0,8.125337015204977,0,-9.81
9.398856960363842,664.5995492075655,231.29914705599737,100.0,7.797213218830706,0,-9.81
9.432304849902504,666.9646721584821,230.57479385525255,100.0,7.469089422456435,0,-9.81
9.465752739441164,669.3297951093987,229.8394656060117,100.0,7.140965626082178,0,-9.81
9.499200628979827,671.6949180603153,229.0931623082747,100.0,6.812841829707892,0,-9.81
9.532648518518487,674.0600410112319,228.33588396204158,100.0,6.484718033333635,0,-9.81
9.566096408057149,676.4251639621485,227.56763056731228,100.0,6.156594236959364,0,-9.81
9.599544297595811,678.7902869130652,226.78840212408682,100.0,5.828470440585093,0,-9.81
9.632992187134471,681.1554098639816,225.9981986323652,100.0,5.500346644210836,0,-9.81
9.666440076673133,683.5205328148983,225.1970200921475,100.0,5.172222847836551,0,-9.81
9.699887966211794,685.8856557658148,224.38486650343367,100.0,4.844099051462294,0,-9.81
9.733335855750456,688.2507787167315,223.56173786622372,100.0,4.515975255088023,0,-9.81
9.766783745289118,690.6159016676481,222.7276341805176,100.0,4.187851458713752,0,-9.81
9.800231634827778,692.9810246185647,221.88255544631545,100.0,3.8597276623394947,0,-9.81
9.83367952436644,695.3461475694813,221.02650166361707,100.0,3.5316038659652236,0,-9.81
9.8671274139051,697.7112705203979,220.15947283242264,100.0,3.2034800695909667,0,-9.81
9.900575303443762,700.0763934713145,219.28146895273204,100.0,2.8753562732166813,0,-9.81
9.934023192982425,702.4415164222312,218.39249002454522,100.0,2.54723247684241,0,-9.81
9.967471082521085,704.8066393731477,217.49253604786242,100.0,2.2191086804681532,0,-9.81
10.000918972059747,707.1717623240644,216.5816070226834,100.0,1.890984884093882,0,-9.81
10.034366861598407,709.5368852749809,215.65970294900825,100.0,1.5628610877196252,0,-9.81
10.06781475113707,711.9020082258975,214.7268238268369,100.0,1.2347372913453398,0,-9.81
10.101262640675731,714.2671311768141,213.78296965616948,100.0,0.9066134949710687,0,-9.81
10.134710530214392,716.6322541277307,212.8281404370059,100.0,0.5784896985968118,0,-9.81
10.168158419753054,718.9973770786473,211.86233616934624,100.0,0.2503659022225406,0,-9.81
10.201606309291714,721.3625000295639,210.88555685319045,100.0,-0.0777578941517163,0,-9.81
10.235054198830376,723.7276229804805,209.89780248853856,100.0,-0.40588169052598744,0,-9.81
10.268502088369038,726.0927459313972,208.89907307539045,100.0,-0.7340054869002728,0,-9.81
10.301949977907698,728.4578688823137,207.88936861374623,100.0,-1.0621292832745297,0,-9.81
10.33539786744636,730.8229918332304,206.8686891036059,100.0,-1.3902530796488008,0,-9.81
10.36884575698502,733.1881147841469,205.83703454496947,100.0,-1.7183768760230578,0,-9.81
10.402293646523683,735.5532377350636,204.79440493783682,100.0,-2.046500672397329,0,-9.81
10.435741536062345,737.9183606859802,203.74080028220806,100.0,-2.3746244687716143,0,-9.81
10.469189425601005,740.2834836368968,202.6762205780832,100.0,-2.702748265145871,0,-9.81
10.502637315139667,742.6486065878134,201.60066582546222,100.0,-3.0308720615201423,0,-9.81
10.536085204678328,745.0137295387299,200.51413602434502,100.0,-3.3589958578943993,0,-9.81
10.56953309421699,747.3788524896465,199.41663117473172,100.0,-3.6871196542686704,0,-9.81
10.602980983755652,749.7439754405632,198.3081512766223,100.0,-4.0152434506429415,0,-9.81
10.636428873294312,752.1090983914797,197.1886963300168,100.0,-4.343367247017213,0,-9.81
10.669876762832974,754.4742213423964,196.05826633491517,100.0,-4.671491043391484,0,-9.81
10.703324652371634,756.8393442933129,194.91686129131733,100.0,-4.999614839765741,0,-9.81
10.736772541910296,759.2044672442296,193.76448119922338,100.0,-5.327738636140012,0,-9.81
10.770220431448958,761.5695901951462,192.60112605863333,100.0,-5.655862432514283,0,-9.81
10.803668320987619,763.9347131460628,191.42679586954716,100.0,-5.98398622888854,0,-9.81
10.83711621052628,766.2998360969794,190.2414906319649,100.0,-6.312110025262825,0,-9.81
10.870564100064943,768.6649590478961,189.0452103458863,100.0,-6.640233821637096,0,-9.81
10.904011989603603,771.0300819988126,187.8379550113118,100.0,-6.968357618011353,0,-9.81
10.937459879142265,773.3952049497293,186.6197246282411,100.0,-7.2964814143856245,0,-9.81
10.970907768680926,775.7603279006457,185.39051919667406,100.0,-7.624605210759881,0,-9.81
11.004355658219588,778.1254508515624,184.15033871661115,100.0,-7.952729007134167,0,-9.81
11.03780354775825,780.490573802479,182.899183188052,100.0,-8.280852803508438,0,-9.81
11.07125143729691,782.8556967533956,181.63705261099676,100.0,-8.608976599882695,0,-9.81
11.104699326835572,785.2208197043122,180.3639469854453,100.0,-8.937100396256966,0,-9.81
11.138147216374232,787.5859426552288,179.07986631139784,100.0,-9.265224192631223,0,-9.81
11.171595105912894,789.9510656061454,177.78481058885416,100.0,-9.593347989005494,0,-9.81
11.205042995451556,792.3161885570621,176.47877981781437,100.0,-9.92147178537978,0,-9.81
11.238490884990217,794.6813115079786,175.16177399827848,100.0,-10.249595581754036,0,-9.81
11.271938774528879,797.0464344588953,173.83379313024636,100.0,-10.577719378128307,0,-9.81
11.30538666406754,799.4115574098118,172.49483721371826,100.0,-10.905843174502564,0,-9.81
11.338834553606201,801.7766803607285,171.14490624869393,100.0,-11.233966970876835,0,-9.81
11.372282443144863,804.1418033116452,169.7840002351735,100.0,-11.56209076725112,0,-9.81
11.405730332683524,806.5069262625616,168.41211917315673,100.0,-11.890214563625378,0,-9.81
11.439178222222186,808.8720492134782,167.02926306264396,100.0,-12.218338359999649,0,-9.81
11.472626111760846,811.2371721643948,165.6354319036352,100.0,-12.546462156373906,0,-9.81
11.506074001299508,813.6022951153114,164.23062569613023,100.0,-12.874585952748177,0,-9.81
11.53952189083817,815.9674180662281,162.81484444012904,100.0,-13.202709749122448,0,-9.81
11.57296978037683,818.3325410171446,161.38808813563185,100.0,-13.530833545496705,0,-9.81
11.606417669915492,820.6976639680613,159.95035678263855,100.0,-13.85895734187099,0,-9.81
11.639865559454153,823.0627869189778,158.50165038114892,100.0,-14.187081138245247,0,-9.81
11.673313448992815,825.4279098698945,157.0419689311633,100.0,-14.515204934619518,0,-9.81
11.706761338531477,827.7930328208112,155.57131243268157,100.0,-14.84332873099379,0,-9.81
11.740209228070137,830.1581557717277,154.08968088570373,100.0,-15.171452527368047,0,-9.81
11.7736571176088,832.5232787226444,152.59707429022956,100.0,-15.499576323742332,0,-9.81
11.80710500714746,834.8884016735609,151.0934926462594,100.0,-15.827700120116589,0,-9.81
11.840552896686122,837.2535246244776,149.57893595379312,100.0,-16.15582391649086,0,-9.81
11.874000786224784,839.6186475753942,148.05340421283063,100.0,-16.48394771286513,0,-9.81
11.907448675763444,841.9837705263106,146.51689742337192,100.0,-16.812071509239388,0,-9.81
11.940896565302106,844.3488934772273,144.9694155854172,100.0,-17.14019530561366,0,-9.81
11.974344454840766,846.7140164281439,143.4109586989665,100.0,-17.468319101987916,0,-9.81
12.007792344379428,849.0791393790605,141.84152676401948,100.0,-17.7964428983622,0,-9.81
12.04124023391809,851.4442623299772,140.26111978057634,100.0,-18.124566694736473,0,-9.81
12.07468812345675,853.8093852808937,138.6697377486372,100.0,-18.45269049111073,0,-9.81
12.108136012995413,856.1745082318104,137.06738066820174,100.0,-18.780814287485,0,-9.81
12.141583902534073,858.5396311827269,135.45404853927027,100.0,-19.108938083859258,0,-9.81
12.175031792072735,860.9047541336436,133.8297413618426,100.0,-19.437061880233543,0,-9.81
12.208479681611397,863.2698770845602,132.1944591359188,100.0,-19.765185676607814,0,-9.81
12.241927571150057,865.6350000354768,130.5482018614989,100.0,-20.09330947298207,0,-9.81
12.27537546068872,868.0001229863934,128.8909695385829,100.0,-20.421433269356342,0,-9.81
12.30882335022738,870.3652459373099,127.22276216717069,100.0,-20.7495570657306,0,-9.81
12.342271239766042,872.7303688882265,125.54357974726236,100.0,-21.07768086210487,0,-9.81
12.375719129304704,875.0954918391432,123.85342227885792,100.0,-21.405804658479155,0,-9.81
12.409167018843364,877.4606147900597,122.15228976195738,100.0,-21.733928454853412,0,-9.81
12.442614908382026,879.8257377409764,120.44018219656073,100.0,-22.062052251227684,0,-9.81
12.476062797920687,882.1908606918929,118.71709958266786,100.0,-22.39017604760194,0,-9.81
12.509510687459349,884.5559836428096,116.98304192027888,100.0,-22.71829984397621,0,-9.81
12.54295857699801,886.9211065937262,115.23800920939368,100.0,-23.046423640350497,0,-9.81
12.576406466536671,889.2862295446428,113.48200145001249,100.0,-23.374547436724754,0,-9.81
12.609854356075333,891.6513524955594,111.71501864213519,100.0,-23.702671233099025,0,-9.81
12.643302245613993,894.016475446476,109.93706078576167,100.0,-24.030795029473282,0,-9.81
12.676750135152655,896.3815983973926,108.14812788089205,100.0,-24.358918825847553,0,-9.81
12.710198024691318,898.7467213483093,106.34821992752632,100.0,-24.68704262222184,0,-9.81
12.743645914229978,901.1118442992257,104.53733692566425,100.0,-25.015166418596095,0,-9.81
12.77709380376864,903.4769672501424,102.7154788753063,100.0,-25.343290214970366,0,-9.81
12.8105416933073,905.8420902010589,100.88264577645214,100.0,-25.671414011344623,0,-9.81
12.843989582845962,908.2072131519756,99.03883762910175,100.0,-25.999537807718895,0,-9.81
12.877437472384624,910.5723361028922,97.18405443325537,100.0,-26.327661604093166,0,-9.81
12.910885361923285,912.9374590538088,95.31829618891288,100.0,-26.655785400467423,0,-9.81
12.944333251461947,915.3025820047254,93.44156289607417,100.0,-26.983909196841708,0,-9.81
12.977781141000607,917.667704955642,91.55385455473936,100.0,-27.312032993215965,0,-9.81
13.011229030539269,920.0328279065586,89.65517116490844,100.0,-27.640156789590236,0,-9.81
13.044676920077931,922.3979508574753,87.7455127265813,100.0,-27.968280585964507,0,-9.81
13.078124809616591,924.7630738083918,85.82487923975805,100.0,-28.29640438233878,0,-9.81
13.111572699155253,927.1281967593085,83.89327070443869,100.0,-28.624528178713035,0,-9.81
13.145020588693914,929.493319710225,81.95068712062334,100.0,-28.952651975087292,0,-9.81
13.178468478232576,931.8584426611417,79.99712848831166,100.0,-29.280775771461578,0,-9.81
13.211916367771238,934.2235656120583,78.03259480750387,100.0,-29.608899567835863,0,-9.81
13.245364257309898,936.5886885629748,76.05708607819997,100.0,-29.93702336421012,0,-9.81
13.27881214684856,938.9538115138914,74.07060230039986,100.0,-30.265147160584377,0,-9.81
13.31226003638722,941.318934464808,72.07314347410386,100.0,-30.593270956958634,0,-9.81
13.345707925925883,943.6840574157246,70.06470959931141,100.0,-30.92139475333292,0,-9.81
13.379155815464545,946.0491803666413,68.04530067602309,100.0,-31.249518549707176,0,-9.81
13.412603705003205,948.4143033175578,66.01491670423843,100.0,-31.57764234608146,0,-9.81
13.446051594541867,950.7794262684745,63.97355768395778,100.0,-31.905766142455718,0,-9.81
13.479499484080527,953.144549219391,61.92122361518102,100.0,-32.233889938829975,0,-9.81
13.51294737361919,955.5096721703077,59.85791449790804,100.0,-32.56201373520426,0,-9.81
13.546395263157851,957.8747951212243,57.783630332138955,100.0,-32.89013753157852,0,-9.81
13.579843152696512,960.2399180721409,55.69837111787376,100.0,-33.218261327952774,0,-9.81
13.613291042235174,962.6050410230575,53.60213685511246,100.0,-33.54638512432706,0,-9.81
13.646738931773834,964.970163973974,51.49492754385483,100.0,-33.87450892070132,0,-9.81
13.680186821312496,967.3352869248906,49.3767431841012,100.0,-34.2026327170756,0,-9.81
13.713634710851158,969.7004098758073,47.24758377585147,100.0,-34.53075651344986,0,-9.81
13.747082600389819,972.0655328267238,45.10744931910574,100.0,-34.858880309824116,0,-9.81
13.78053048992848,974.4306557776405,42.956339813863565,100.0,-35.1870041061984,0,-9.81
13.813978379467141,976.795778728557,40.794255260125624,100.0,-35.51512790257266,0,-9.81
13.847426269005803,979.1609016794737,38.621195657891235,100.0,-35.84325169894694,0,-9.81
13.880874158544465,981.5260246303903,36.43716100716074,100.0,-36.1713754953212,0,-9.81
13.914322048083125,983.8911475813069,34.24215130793425,100.0,-36.49949929169546,0,-9.81
13.947769937621787,986.2562705322235,32.03616656021154,100.0,-36.82762308806974,0,-9.81
13.981217827160448,988.6213934831401,29.819206763992838,100.0,-37.155746884444,0,-9.81
14.01466571669911,990.9865164340567,27.591271919277915,100.0,-37.483870680818285,0,-9.81
14.048113606237772,993.3516393849734,25.352362026066658,100.0,-37.81199447719254,0,-9.81
14.081561495776432,995.7167623358898,23.10247708435952,100.0,-38.1401182735668,0,-9.81
14.115009385315094,998.0818852868065,20.84161709415605,100.0,-38.468242069941084,0,-9.81
14.148457274853754,1000.447008237723,18.569782055456812,100.0,-38.79636586631534,0,-9.81
14.181905164392417,1002.8121311886397,16.286971968261014,100.0,-39.124489662689626,0,-9.81
14.215353053931079,1005.1772541395563,13.993186832569222,100.0,-39.45261345906388,0,-9.81
14.248800943469739,1007.5423770904729,11.68842664838155,100.0,-39.78073725543814,0,-9.81
14.282248833008401,1009.9075000413895,9.372691415697432,100.0,-40.108861051812426,0,-9.81
14.315696722547061,1012.2726229923061,7.045981134517433,100.0,-40.43698484818668,0,-9.81
14.349144612085723,1014.6377459432227,4.708295804841214,100.0,-40.76510864456094,0,-9.81
14.382592501624385,1017.0028688941394,2.3596354266686603,100.0,-41.093232440935225,0,-9.81
14.416040391163047,1019.367991845056,1.1368683772161603e-13,100.0,-41.42135623730951,0,-9.81
