0,0,0,0,0,0,0,0,0,0,0.0745
0.03333333333333333,0.14317397661972792,0.23227397661972793,1.2398237214917231e-17,4.295219298591838,3.9682192985918374,3.7194711644751695e-16,128.85657895775515,119.04657895775513,1.1158413493425509e-14,0.0745
0.06666666666666667,0.3594523688504754,0.4267523688504754,3.1126995573426356e-17,6.488351766922424,5.834351766922424,5.618627507552737e-16,65.7939740499176,55.98397404991759,5.697469029232703e-15,0.0745
0.1,0.6373838523411439,0.671983852341144,5.5194640708152305e-17,8.337944504720056,7.356944504720057,7.220293540417784e-16,55.48778213392898,45.677782133928986,4.804998098595141e-15,0.0745
0.13333333333333333,1.00826524019368,0.9992652401936801,8.731133910374516e-17,11.126441635576084,9.818441635576084,9.635009518677858e-16,83.65491392568082,73.84491392568081,7.244147934780221e-15,0.0745
0.16666666666666666,1.5301709803982506,1.4666709803982507,1.3250608275516675e-16,15.657172206137123,14.022172206137121,1.355842309542648e-15,135.92191711683114,126.11191711683114,1.1770240730245868e-14,0.0745
0.19999999999999998,2.27191121874152,2.14301121874152,1.9673752790985798e-16,22.25220715029808,20.290207150298077,1.926943354640737e-15,197.8510483248287,188.0410483248287,1.7133031352942663e-14,0.0745
0.2333333333333333,3.296896344592527,3.0916963445925267,2.8549673563805585e-16,30.74955377553021,28.460553775530204,2.662776231845936e-15,254.92039875696383,245.11039875696383,2.2074986316155972e-14,0.0745
0.26666666666666666,4.646954079669618,4.354554079669618,4.0240580283381387e-16,40.50173205231274,37.88573205231273,3.507272015872741e-15,292.56534830347596,282.75534830347596,2.5334873520804147e-14,0.0745
0.3,6.326261317312369,5.93576131731237,5.478264301054976e-16,50.37921712928255,47.43621712928254,4.3626188181505125e-15,296.3245523090943,286.5145523090943,2.566040406833314e-14,0.0745
0.3333333333333333,8.286482853524353,7.7869828535243535,7.175730011900986e-16,58.80664608635952,55.53664608635951,5.09239713253803e-15,252.82286871230914,243.01286871230917,2.189334943162551e-14,0.0745
0.36666666666666664,10.447161963601571,9.827761963601573,9.04678317285387e-16,64.82037330231657,61.22337330231656,5.613159482858652e-15,180.41181647871144,170.60181647871144,1.5622870509618655e-14,0.0745
0.39999999999999997,12.757082928962761,12.006882928962762,1.1047073222233732e-15,69.29762896083571,65.37362896083569,6.00087014813958e-15,134.31766975557406,124.50766975557406,1.1631319958427831e-14,0.0745
0.4333333333333333,15.198783317134094,14.306883317134092,1.316147846088325e-15,73.25101164513994,69.00001164513992,6.343215715948558e-15,118.60148052912707,108.79148052912707,1.027036703426935e-14,0.0745
0.4666666666666666,17.76142105080387,16.71692105080387,1.5380610126292192e-15,76.87913201009331,72.3011320100933,6.6573949962268276e-15,108.84361094860114,99.03361094860114,9.4253784083481e-15,0.0745
0.49999999999999994,20.43520668307933,19.227206683079327,1.7695990987636573e-15,80.21356896826374,75.30856896826373,6.946142584033141e-15,100.03310874511283,90.22310874511284,8.662427634189413e-15,0.0745
0.5333333333333333,23.211357656627403,21.828957656627402,2.010001573620459e-15,83.28452920644224,78.05252920644223,7.212074245704049e-15,92.128807145355,82.318807145355,7.977949850127195e-15,0.0745
0.5666666666666667,26.08204756597366,24.514347565973658,2.25859070487771e-15,86.12069728038776,80.56169728038773,7.457673937717535e-15,85.08504221836526,75.27504221836526,7.367990760404604e-15,0.0745
0.6,29.040351466118224,27.276451466118225,2.514766822729237e-15,88.74911700433697,82.86311700433694,7.6852835355458e-15,78.85259171847636,69.04259171847636,6.8282879348479304e-15,0.0745
0.6333333333333333,32.08018814204328,30.109188142043287,2.778003320677645e-15,91.19510027775186,84.98210027775184,7.897094938452235e-15,73.37949820244704,63.56949820244703,6.35434208719305e-15,0.0745
0.6666666666666666,35.19626013083908,33.00726013083908,3.0478414617139944e-15,93.48215966387382,86.9421596638738,8.095144231090488e-15,68.61178158365864,58.80178158365864,5.941478779147608e-15,0.0745
0.7,38.3839921739203,35.966092173920295,3.3238850485502067e-15,95.63196129243651,88.7649612924365,8.281307605086369e-15,64.4940488568811,54.68404885688109,5.584901219876398e-15,0.0745
0.7333333333333333,41.63946867294963,38.98176867294963,3.605795007576884e-15,97.6642949708801,90.47029497088009,8.457298770800328e-15,60.97001035330786,51.16001035330786,5.2797349714187665e-15,0.0745
0.7666666666666666,44.95937063058074,42.050970630580736,3.893283928208757e-15,99.59705872893333,92.07605872893332,8.624667618956193e-15,57.982912741596685,48.17291274159669,5.02106544467598e-15,0.0745
0.7999999999999999,48.340912476255056,45.17091247625505,4.186110592276299e-15,101.44625537022935,93.59825537022934,8.784799922026254e-15,55.47589923888052,45.66589923888053,4.8039690921018576e-15,0.0745
0.8333333333333333,51.78177910779668,48.33927910779668,4.4840745221045084e-15,103.22599894624884,95.05099894624882,8.938917894846283e-15,53.39230728058471,43.58230728058471,4.6235391846008746e-15,0.0745
0.8666666666666666,55.28006342083085,51.55416342083085,4.787010570835065e-15,104.94852939102512,96.44652939102511,9.088081461916688e-15,51.67591334328851,41.865913343288504,4.474907012112121e-15,0.0745
0.8999999999999999,58.83420454922484,54.81400454922484,5.094783574319908e-15,106.62423385181991,97.7952338518199,9.233190104545297e-15,50.27113382384385,40.461133823843845,4.353259278858253e-15,0.0745
0.9333333333333332,62.44292699976765,58.11752699976765,5.407283080451961e-15,108.26167351628429,99.10567351628428,9.374985183961611e-15,49.12318993393134,39.31318993393134,4.253852382489426e-15,0.0745
0.9666666666666666,66.1051808320195,61.4636808320195,5.724418169002975e-15,109.86761496755555,100.38461496755555,9.514052656530408e-15,48.17824353813791,38.36824353813791,4.172024177063904e-15,0.0745
0.9999999999999999,69.82008300848968,64.85158300848967,6.0461123728066514e-15,111.44706529410523,101.63706529410523,9.65082611411029e-15,47.38350979649047,37.57350979649047,4.1032037273964744e-15,0.0745
1.0333333333333332,73.58686001985745,68.28046001985744,6.3722987093549075e-15,113.00331034103341,102.86631034103341,9.785590096447686e-15,46.68735140784548,36.87735140784548,4.042919470121847e-15,0.0745
1.0666666666666667,77.40479187368902,71.74959187368901,6.7029148304668934e-15,114.53795561494721,104.07395561494721,9.918483633359568e-15,46.03935821741373,36.229358217413726,3.986806107356474e-15,0.0745
1.1,81.27315752193287,75.25825752193286,7.037898296549903e-15,116.05096944731544,105.25996944731544,1.0049503982490301e-14,45.39041497104676,35.58041497104676,3.9306104739220146e-15,0.0745
1.1333333333333335,85.19118179138323,78.80568179138322,7.377181981010722e-15,117.54072808351069,106.42272808351069,1.0178510533824542e-14,44.69275908585764,34.88275908585764,3.870196540027229e-15,0.0745
1.166666666666667,89.15799321870794,82.39099321870793,7.720690418954322e-15,119.0043428197414,107.5593428197414,1.0305253138307991e-14,43.908442086921156,34.09844208692115,3.802278134503479e-15,0.0745
1.2000000000000004,93.17262412036277,86.01322412036276,8.068339813238136e-15,120.4389270496447,108.66692704964471,1.0429481828514461e-14,43.03752689709926,33.22752689709926,3.726860706194103e-15,0.0745
1.2333333333333338,97.23402196604678,89.67132196604679,8.420039019363323e-15,121.84193537052062,109.74293537052063,1.055097618375559e-14,42.09024962627729,32.28024962627729,3.6448306572338525e-15,0.0745
1.2666666666666673,101.34106051319561,93.36416051319563,8.775690509672938e-15,123.211156414465,110.785156414465,1.0669544709288462e-14,41.07663131833134,31.266631318331335,3.557055765986155e-15,0.0745
1.3000000000000007,105.49255068379472,97.09055068379473,9.13519131523618e-15,124.54470511797317,111.79170511797318,1.0785024166897251e-14,40.006461105245286,30.196461105245284,3.464383728263686e-15,0.0745
1.3333333333333341,109.68725116701562,100.84925116701562,9.498433943990089e-15,125.84101449662694,112.76101449662696,1.0897278862617263e-14,38.88928135961342,29.07928135961342,3.3676408716003316e-15,0.0745
1.3666666666666676,113.92387873327321,104.63897873327322,9.865307273891589e-15,127.09882698772785,113.69182698772786,1.100619989704501e-14,37.73437473302706,27.92437473302706,3.267631032832436e-15,0.0745
1.400000000000001,118.20111824750276,108.45841824750278,1.0235697420023274e-14,128.31718542688662,114.58318542688663,1.1111704383950526e-14,36.55075317476292,26.740753174762915,3.1651346071654632e-15,0.0745
1.4333333333333345,122.51763237170965,112.30623237170965,1.0609488574791573e-14,129.49542372620652,115.43442372620653,1.1213734643048993e-14,35.347148979597,25.537148979597,3.060907772954026e-15,0.0745
1.466666666666668,126.87207094910781,116.1810709491078,1.0986563820551913e-14,130.63315732194462,116.24515732194465,1.1312257372810193e-14,34.13200787214326,24.32200787214326,2.9556818928359987e-15,0.0745
1.5000000000000013,131.26308006439274,120.08158006439272,1.1366805914188536e-14,131.7302734585476,117.01527345854763,1.1407262809098696e-14,32.91348409808936,23.103484098089364,2.8501630886551085e-15,0.0745
1.5333333333333348,135.68931077685565,124.00641077685563,1.1750098043363817e-14,132.78692137388728,117.74492137388731,1.1498763875258397e-14,31.699437460190673,21.88943746019067,2.7450319847910374e-15,0.0745
1.5666666666666682,140.14942752510623,127.9542275251062,1.2136324554330311e-14,133.80350244751736,118.43450244751739,1.1586795328994832e-14,30.49743220890238,20.68743220890238,2.6409436120930413e-15,0.0745
1.6000000000000016,144.64211620410572,131.9237162041057,1.2525371651366335e-14,134.78066036998433,119.08466036998435,1.1671412911080708e-14,29.31473767400878,19.50473767400878,2.5385274625762678e-15,0.0745
1.633333333333335,149.16609191699897,135.91359191699894,1.2917128068050554e-14,135.7192713867974,119.69627138679743,1.1752692500526573e-14,28.158330504392403,18.3483305043924,2.4383876833759233e-15,0.0745
1.6666666666666685,153.7201064058566,139.92260640585658,1.33114857107316e-14,136.6204346657293,120.27043466572934,1.1830729280431384e-14,27.034898367956988,17.224898367956985,2.3411033971443404e-15,0.0745
1.700000000000002,158.30295516688358,143.94955516688356,1.3708340274673863e-14,137.48546283080927,120.80846283080932,1.1905636918267912e-14,25.950844952399272,16.14084495239927,2.2472291350958432e-15,0.0745
1.7333333333333354,162.91348425691024,147.99328425691021,1.4107591833469714e-14,138.31587270079953,121.3118727007996,1.1977546763875492e-14,24.912296099708144,15.102296099708143,2.1572953682274124e-15,0.0745
1.7666666666666688,167.55059679905088,152.05269679905086,1.450914540240094e-14,139.11337626421962,121.78237626421969,1.2046607067936794e-14,23.92510690260296,14.115106902602959,2.0718091218390633e-15,0.0745
1.8000000000000023,172.21325919629072,156.1267591962907,1.4912911476508075e-14,139.87987191719503,122.2218719171951,1.2112982223214018e-14,22.99486958926237,13.184869589262366,1.9912546583167114e-15,0.0745
1.8333333333333357,176.90050706244529,160.21450706244528,1.531880654418542e-14,140.6174359846372,122.63243598463728,1.2176852030320341e-14,22.12692202326543,12.316922023265429,1.916094213189721e-15,0.0745
1.8666666666666691,181.61145088043133,164.31505088043133,1.5726753577162436e-14,141.32831453958127,123.01631453958134,1.2238410989310516e-14,21.326356648322033,11.516356648322034,1.846768769705254e-15,0.0745
1.9000000000000026,186.34528139809711,168.42758139809712,1.6136682497758943e-14,142.01491552997322,123.3759155299733,1.2297867617895236e-14,20.59802971175858,10.78802971175858,1.7836988575415974e-15,0.0745
1.933333333333336,191.10127477199237,172.55137477199239,1.654853062431299e-14,142.6798012168576,123.71380121685769,1.235544379662142e-14,19.94657060653167,10.136570606531668,1.7272853617854975e-15,0.0745
1.9666666666666694,195.87879628317816,176.68579628317818,1.6962242992953656e-14,143.32564533557365,124.03264533557372,1.2411371059220042e-14,19.375323561480993,9.565323561480994,1.6778178779586714e-15,0.0745
2.0000000000000027,200.67729911833507,180.8302991183351,1.7377772252050385e-14,143.95508505470696,124.33508505470702,1.2465877772901907e-14,18.88319157399901,9.07319157399901,1.6352014104559478e-15,0.0745
2.033333333333336,205.4963219518764,184.98442195187644,1.7795078452834612e-14,144.57068500624058,124.62368500624063,1.2519186023526787e-14,18.46799854600832,8.65799854600832,1.599247518746419e-15,0.0745
2.066666666666669,210.33548656277932,189.14778656277937,1.8214128843027797e-14,145.1749383270876,124.90093832708767,1.2571511705795576e-14,18.12759962541099,8.317599625410988,1.5697704680636904e-15,0.0745
2.1000000000000023,215.19449548980188,193.32009548980193,1.8634897663793547e-14,145.77026781067667,125.16926781067674,1.2623064622972527e-14,17.859884507672046,8.049884507672047,1.546587515308507e-15,0.0745
2.1333333333333355,220.073129727905,197.50112972790504,1.905736595025787e-14,146.35902714309356,125.43102714309362,1.2674048593929683e-14,17.662779972506364,7.8527799725063625,1.5295191287146865e-15,0.0745
2.1666666666666687,224.97124646793227,201.69074646793229,1.9481521335775375e-14,146.94350220081762,125.6885022008177,1.2724661565525158e-14,17.53425173172217,7.724251731722169,1.5183891478642498e-15,0.0745
2.200000000000002,229.8887768809149,205.8888768809149,1.9907357860059827e-14,147.52591238947804,125.9439123894781,1.2775095728533532e-14,17.472305659812353,7.662305659812351,1.5130248902512193e-15,0.0745
2.233333333333335,234.82572394775795,210.09552394775795,2.0334875781244507e-14,148.1084120052915,126.19941200529156,1.2825537635540384e-14,17.474988474403894,7.664988474403894,1.5132572102055493e-15,0.0745
2.2666666666666684,239.7821603345224,214.3107603345224,2.076408139189097e-14,148.693091602933,126.45709160293308,1.2876168319393883e-14,17.54038792924522,7.730387929245219,1.518920515604984e-15,0.0745
2.3000000000000016,244.75822631304024,218.53472631304027,2.1194986838923464e-14,149.28197935553575,126.71897935553581,1.2927163410974807e-14,17.666632578082098,7.856632578082098,1.5298527474277458e-15,0.0745
2.333333333333335,249.75412772618432,222.76762772618434,2.162760994743022e-14,149.87704239432213,126.9870423943222,1.2978693255202705e-14,17.851891163591766,8.041891163591766,1.5458953268369174e-15,0.0745
2.366666666666668,254.76867379376944,227.00827379376946,2.206184760107994e-14,150.43638202755307,127.21938202755314,1.3027129609491592e-14,16.78018899692799,6.970188996927988,1.4530906286665979e-15,0.0745
2.4000000000000012,259.7920276448015,231.24682764480158,2.2496847970071455e-14,150.7006155309632,127.15661553096328,1.3050011069745425e-14,7.927005102304416,-1.8829948976955837,6.864438076150165e-16,0.0745
2.4333333333333345,264.79726315781073,235.45636315781078,2.2930279370608983e-14,150.15706539027556,126.28606539027562,1.3002942016125811e-14,-16.306504220629666,-26.116504220629665,-1.412071608588389e-15,0.0745
2.4666666666666677,269.73222938359993,239.58472938359995,2.3357625759662957e-14,148.04898677367515,123.8509867736752,1.2820391671619244e-14,-63.24235849801249,-73.05235849801248,-5.4765103351970135e-15,0.0745
2.500000000000001,274.5783349703157,243.6278588775113,2.378497214871693e-14,145.3831676014739,121.29388481734074,1.2820391671619244e-14,-79.97457516603784,-76.71305869003395,0,0.0745
2.533333333333334,279.3388459929935,247.58867640975816,2.4212318537770904e-14,142.81533068033337,118.8245259674062,1.2820391671619244e-14,-77.03510763421563,-74.08076549803602,0,0.0745
2.5666666666666673,284.01685233959313,251.469948797409,2.4639664926824877e-14,140.34019039798764,116.43817162952442,1.2820391671619244e-14,-74.25420847037232,-71.59063013645331,0,0.0745
2.6000000000000005,288.61528020852444,255.27429610404434,2.506701131587885e-14,137.9528360679398,114.1304191990604,1.2820391671619244e-14,-71.62062990143508,-69.2325729139208,0,0.0745
2.6333333333333337,293.13690351358696,259.00420186038906,2.5494357704932825e-14,135.6486991518753,111.89717269034084,1.2820391671619244e-14,-69.1241074819353,-66.99739526158697,0,0.0745
2.666666666666667,297.58435430927796,262.66202240713045,2.5921704093986798e-14,133.42352387072916,109.73461640224174,1.2820391671619244e-14,-66.75525843438413,-64.87668864297287,0,0.0745
2.7,301.9601323360012,266.2499954491066,2.6349050483040772e-14,131.27334080169715,107.63919125928548,1.2820391671619244e-14,-64.50549207095999,-62.86275428868763,0,0.0745
2.7333333333333334,306.2666137730801,269.77024789962996,2.6776396872094745e-14,129.19444311236666,105.60757351569988,1.2820391671619244e-14,-62.366930679915036,-60.94853230756801,0,0.0745
2.7666666666666666,310.5060592773814,273.22480308466373,2.720374326114872e-14,127.18336512903792,103.63665555101255,1.2820391671619244e-14,-60.332339499861895,-59.12753894061977,0,0.0745
2.8,314.68062137656494,276.61558736869296,2.7631089650202692e-14,125.23686297550697,101.7235285208768,1.2820391671619244e-14,-58.39506460592884,-57.39381090407268,0,0.0745
2.833333333333333,318.7923512783035,279.94443625725654,2.8058436039256666e-14,123.35189705215613,99.8654666569082,1.2820391671619244e-14,-56.54897770052515,-55.741855919058,0,0.0745
2.8666666666666663,322.8432051501046,283.2131000250948,2.848578242831064e-14,121.52561615403316,98.05991303514645,1.2820391671619244e-14,-54.788426943689025,-54.166608652852396,0,0.0745
2.8999999999999995,326.8350499184855,286.4232489135948,2.891312881736462e-14,119.75534305142581,96.30446665500132,1.2820391671619244e-14,-53.10819307822036,-52.663391404353895,0,0.0745
2.9333333333333327,330.7696686310811,289.57647793658623,2.9340475206418596e-14,118.03856137786849,94.59687068974222,1.2820391671619244e-14,-51.50345020671964,-51.227878957773136,0,0.0745
2.966666666666666,334.6487654207164,292.6743113294597,2.976782159547257e-14,116.37290368905889,92.93500178620407,1.2820391671619244e-14,-49.96973066428796,-49.85606710614464,0,0.0745
2.999999999999999,338.47397010645784,295.71820667298607,3.019516798452655e-14,114.7561405722429,91.31686030579012,1.2820391671619244e-14,-48.50289350447959,-48.54424441241877,0,0.0745
3.0333333333333323,342.2468424631113,298.70955872003196,3.0622514373580526e-14,113.1861706996033,89.74056141137604,1.2820391671619244e-14,-47.09909617918796,-47.28896683242228,0,0.0745
3.0666666666666655,345.9688761874901,301.6497029505529,3.10498607626345e-14,111.66101173136369,88.20432691562948,1.2820391671619244e-14,-45.754769047188255,-46.087034872396444,0,0.0745
3.0999999999999988,349.64150258698834,304.53991887774566,3.147720715168848e-14,110.1787919849483,86.70647781578292,1.2820391671619244e-14,-44.46659239246154,-44.93547299539698,0,0.0745
3.133333333333332,353.26609401351624,307.38143312601994,3.1904553540742456e-14,108.73774279583627,85.24542744822884,1.2820391671619244e-14,-43.231475673361004,-43.83151102662222,0,0.0745
3.166666666666665,356.8439670636462,310.17542229947355,3.233189992979643e-14,107.33619150389863,83.81967520360881,1.2820391671619244e-14,-42.046538758128904,-42.77256733860091,0,0.0745
3.1999999999999984,360.3763855638516,312.92301565778956,3.275924631885041e-14,105.97255500616359,82.42780074948038,1.2820391671619244e-14,-40.90909493205121,-41.75623362385263,0,0.0745
3.2333333333333316,363.86456335796004,315.6252976148992,3.3186592707904386e-14,104.6453338232524,81.06845871328875,1.2820391671619244e-14,-39.81663548733553,-40.78026108574899,0,0.0745
3.266666666666665,367.3096669123693,318.28331007434394,3.361393909695836e-14,103.35310663227934,79.7403737833431,1.2820391671619244e-14,-38.766815729192146,-39.842547898369425,0,0.0745
3.299999999999998,370.71281775316635,320.8980546140069,3.404128548601234e-14,102.09452522391004,78.44233618988977,1.2820391671619244e-14,-37.7574422510787,-38.9411278035998,0,0.0745
3.3333333333333313,374.07509474802,323.4704945317489,3.4468631875066316e-14,100.8683098456085,77.17319753225864,1.2820391671619244e-14,-36.78646134904625,-38.07415972893398,0,0.0745
3.3666666666666645,377.3975362445848,326.0015567624656,3.489597826412029e-14,99.67324489694353,75.93186692150125,1.2820391671619244e-14,-35.851948459949035,-37.23991832272147,0,0.0745
3.3999999999999977,380.681142076126,328.4921336761654,3.532332465317427e-14,98.50817494623524,74.7173074109938,1.2820391671619244e-14,-34.95209852124855,-36.436785315223844,0,0.0745
3.433333333333331,383.92687544415435,330.9430847658385,3.5750671042228246e-14,97.37200104085164,73.52853269019293,1.2820391671619244e-14,-34.085217161507806,-35.66324162402615,0,0.0745
3.466666666666664,387.13566468702646,333.3552382331435,3.617801743128222e-14,96.26367728616336,72.36460401914997,1.2820391671619244e-14,-33.24971264064857,-34.917860131289196,0,0.0745
3.4999999999999973,390.3084049427121,335.7293924792616,3.66053638203362e-14,95.18220767056941,71.22462738354363,1.2820391671619244e-14,-32.4440884678185,-34.19929906818989,0,0.0745
3.5333333333333306,393.4459597132506,338.0663175076588,3.7032710209390176e-14,94.12664311615464,70.10775085191624,1.2820391671619244e-14,-31.66693663244315,-33.50629594882203,0,0.0745
3.5666666666666638,396.54916233779926,340.3667562449428,3.746005659844415e-14,93.09607873645943,69.01316211851827,1.2820391671619244e-14,-30.916931390856355,-32.83766200193898,0,0.0745
3.599999999999997,399.618817380618,342.6314257854997,3.788740298749813e-14,92.08965128456185,67.94008621670766,1.2820391671619244e-14,-30.19282355692756,-32.192277054318225,0,0.0745
3.63333333333333,402.6557019398251,344.86101856514074,3.8314749376552106e-14,91.10653677621396,66.88778338923079,1.2820391671619244e-14,-29.493435250436725,-31.569084824306156,0,0.0745
3.6666666666666634,405.6605668822971,347.0562034685725,3.874209576560608e-14,90.14594827415817,65.85554710295294,1.2820391671619244e-14,-28.817655061673555,-30.96708858833535,0,0.0745
3.6999999999999966,408.63413800966356,349.21762687512984,3.916944215466006e-14,89.20713382099376,64.84270219672075,1.2820391671619244e-14,-28.164433594932554,-30.385347186965863,0,0.0745
3.73333333333333,411.57711715996635,351.3459136468646,3.9596788543714037e-14,88.28937450908361,63.84860315204264,1.2820391671619244e-14,-27.5327793573044,-29.822971340343216,0,0.0745
3.766666666666663,414.49018324919973,353.44166806277053,4.0024134932768013e-14,87.39198267700085,62.872632477178,1.2820391671619244e-14,-26.921754962482915,-29.279120245939186,0,0.0745
3.7999999999999963,417.37399325663057,355.5054747026386,4.045148132182199e-14,86.51430022292534,61.914199196041565,1.2820391671619244e-14,-26.330473622265387,-28.752998434093133,0,0.0745
3.8333333333333295,420.2291831575047,357.53789928377415,4.0878827710875967e-14,85.6556970262232,60.97273743406701,1.2820391671619244e-14,-25.75809590106424,-28.243852859236686,0,0.0745
3.8666666666666627,423.05636880647756,359.5394894535688,4.1306174099929943e-14,84.81556946918627,60.047705093840364,1.2820391671619244e-14,-25.20382671110766,-27.750970206799234,0,0.0745
3.899999999999996,425.85614677486365,361.5107755406994,4.173352048898392e-14,83.99333905158234,59.13858261391758,1.2820391671619244e-14,-24.666912528117997,-27.27367439768364,0,0.0745
3.933333333333329,428.6290951445729,363.45227126752565,4.2160866878037897e-14,83.1884510912774,58.24487180478771,1.2820391671619244e-14,-24.146638809148335,-26.81132427389604,0,0.0745
3.9666666666666623,431.37577426139774,365.3644744260736,4.2588213267091873e-14,82.40037350474559,57.36609475643989,1.2820391671619244e-14,-23.642327595954324,-26.363311450434523,0,0.0745
3.9999999999999956,434.0967274501239,367.24786751982174,4.301555965614585e-14,81.62859566178552,56.50179281244302,1.2820391671619244e-14,-23.153335288801934,-25.929058319906048,0,0.0745
4.033333333333329,436.79248169376456,369.1029183733503,4.3442906045199827e-14,80.87262730921947,55.65152560585738,1.2820391671619244e-14,-22.67905057698177,-25.50801619756925,0,0.0745
4.066666666666662,439.46354827905685,370.93008071177263,4.3870252434253803e-14,80.13199755876835,54.814870152670544,1.2820391671619244e-14,-22.218892513533593,-25.09966359560505,0,0.0745
4.099999999999995,442.1104234102127,372.7297947117323,4.429759882330778e-14,79.40625393467515,53.99141999879011,1.2820391671619244e-14,-21.772308722795906,-24.70350461641302,0,0.0745
4.133333333333328,444.73358879277924,374.50248752563016,4.472494521236176e-14,78.69496147699523,53.180784416935786,1.2820391671619244e-14,-21.338773730397655,-24.319067455629522,0,0.0745
4.166666666666662,447.3335121893388,376.24857378063206,4.5152291601415734e-14,77.99770189678809,52.382587650056635,1.2820391671619244e-14,-20.9177874062143,-23.945903006374433,0,0.0745
4.199999999999995,449.91064794866327,377.968456053904,4.557963799046971e-14,77.31407277973379,51.59646819815774,1.2820391671619244e-14,-20.50887351162865,-23.583583556966982,0,0.0745
4.233333333333328,452.46543750982863,379.6625253254259,4.600698437952369e-14,76.64368683496122,50.822078145657265,1.2820391671619244e-14,-20.11157834317737,-23.231701575014117,0,0.0745
4.266666666666661,454.9983098826992,381.3311614096463,4.6434330768577664e-14,75.98617118611674,50.05908252661139,1.2820391671619244e-14,-19.725469465334616,-22.88986857137624,0,0.0745
4.2999999999999945,457.50968210609665,382.97473336715774,4.686167715763164e-14,75.34116670192365,49.30715872534273,1.2820391671619244e-14,-19.350134525792384,-22.55771403805977,0,0.0745
4.333333333333328,459.99995968488616,384.5935998974974,4.728902354668562e-14,74.70832736368536,48.56599591019004,1.2820391671619244e-14,-18.98518014714908,-22.234884454580712,0,0.0745
4.366666666666661,462.46953700713186,386.1881097141062,4.7716369935739594e-14,74.08731966737139,47.83529449826362,1.2820391671619244e-14,-18.630230889419025,-21.921042357792484,0,0.0745
4.399999999999994,464.91879774240175,387.75860190241434,4.814371632479357e-14,73.477822058097,47.11476564924429,1.2820391671619244e-14,-18.28492827823161,-21.615865470579934,0,0.0745
4.433333333333327,467.34811522223384,389.30540626196114,4.857106271384755e-14,72.87952439496355,46.40413078640452,1.2820391671619244e-14,-17.948929894003513,-21.319045885193077,0,0.0745
4.466666666666661,469.7578528037129,390.8288436333998,4.8998409102901524e-14,72.29212744437204,45.7031211431601,1.2820391671619244e-14,-17.621908517745403,-21.03028929733279,0,0.0745
4.499999999999994,472.1483642170481,392.3292262111858,4.94257554919555e-14,71.71534240005508,45.01147733357978,1.2820391671619244e-14,-17.30355132950895,-20.749314287409348,0,0.0745
4.533333333333327,474.51999389798794,393.80685784269883,4.985310188100948e-14,71.14889042819526,44.328948945390565,1.2820391671619244e-14,-16.99355915579441,-20.475851645676588,0,0.0745
4.56666666666666,476.8730773058583,395.2620343145027,5.0280448270063454e-14,70.59250223611106,43.65529415411718,1.2820391671619244e-14,-16.69164576252609,-20.20964373820148,0,0.0745
4.599999999999993,479.2079412279615,396.69504362640566,5.070779465911743e-14,70.04591766309555,42.99027935708837,1.2820391671619244e-14,-16.39753719046535,-19.950443910864216,0,0.0745
4.633333333333327,481.5249040710312,398.1061662539433,5.113514104817141e-14,69.50888529208986,42.333678826128406,1.2820391671619244e-14,-16.110971130170814,-19.698015928798956,0,0.0745
4.66666666666666,483.8242761403966,399.495675399871,5.1562487437225384e-14,68.98116208096201,41.68527437783233,1.2820391671619244e-14,-15.831696333835318,-19.452133448882247,0,0.0745
4.699999999999993,486.1063599074714,400.8638372352176,5.198983382627936e-14,68.46251301224434,41.04485506039711,1.2820391671619244e-14,-15.559472061530116,-19.21257952305656,0,0.0745
4.733333333333326,488.3714502661467,402.2109111304192,5.241718021533334e-14,67.95271076025863,40.41221685604905,1.2820391671619244e-14,-15.29406755957175,-18.979146130441833,0,0.0745
4.7666666666666595,490.61983477863436,403.53714987702494,5.2844526604387314e-14,67.45153537462876,39.78716239817106,1.2820391671619244e-14,-15.035261568896125,-18.751633736339528,0,0.0745
4.799999999999993,492.8517939112759,404.84279990043467,5.327187299344129e-14,66.9587739792461,39.169500702291955,1.2820391671619244e-14,-14.78284186147989,-18.52985087637331,0,0.0745
4.833333333333326,495.067601260803,406.12810146410646,5.369921938249527e-14,66.47422048581303,38.55904691015402,1.2820391671619244e-14,-14.536604802992112,-18.313613764138264,0,0.0745
4.866666666666659,497.26752377150785,407.39328886564397,5.4126565771549244e-14,65.99767532114667,37.95562204612573,1.2820391671619244e-14,-14.296354939990701,-18.102745920848555,0,0.0745
4.899999999999992,499.45182194375707,408.6385906251531,5.455391216060322e-14,65.52894516747672,37.359052785273015,1.2820391671619244e-14,-14.061904610098743,-17.897077825581626,0,0.0745
4.933333333333326,501.62075003425775,409.8642296662346,5.49812585496572e-14,65.06784271501981,36.769171232445785,1.2820391671619244e-14,-13.833073573707559,-17.696446584816982,0,0.0745
4.966666666666659,503.774556248463,411.07042348996055,5.5408604938711174e-14,64.61418642615796,36.18581471177714,1.2820391671619244e-14,-13.609688665855503,-17.500695620059414,0,0.0745
4.999999999999992,505.9134829254827,412.2573843421615,5.583595132776515e-14,64.16780031059041,35.60882556602976,1.2820391671619244e-14,-13.391583467026559,-17.309674372421487,0,0.0745
5.033333333333325,508.03776671584495,413.4253193743368,5.626329771681913e-14,63.728513710867084,35.03805096525915,1.2820391671619244e-14,-13.178597991699727,-17.1232380231182,0,0.0745
5.066666666666658,510.1476387524366,414.57443079848,5.6690644105873104e-14,63.29616109774838,34.47334272429585,1.2820391671619244e-14,-12.970578393560965,-16.941247228899087,0,0.0745
5.099999999999992,512.2433248149323,415.7049160360993,5.711799049492707e-14,62.870581874869586,33.914557128578856,1.2820391671619244e-14,-12.767376686363864,-16.763567871509714,0,0.0745
5.133333333333325,514.3250454880063,416.816967861696,5.754533688398105e-14,62.451620192219785,33.36155476790098,1.2820391671619244e-14,-12.568850479494085,-16.590070820336308,0,0.0745
5.166666666666658,516.3930163136054,417.9107745409511,5.797268327303502e-14,62.03912476797458,32.81420037765284,1.2820391671619244e-14,-12.374862727356254,-16.420631707444226,0,0.0745
5.199999999999991,518.447447937547,418.986519963857,5.840002966208899e-14,61.63294871824921,32.272362687177036,1.2820391671619244e-14,-12.185281491760952,-16.255130714273974,0,0.0745
5.2333333333333245,520.4885462506925,420.0443837730192,5.882737605114296e-14,61.23294939436441,31.735914274866794,1.2820391671619244e-14,-11.99997971654402,-16.093452369307272,0,0.0745
5.266666666666658,522.5165125249339,421.08454148734137,5.925472244019693e-14,60.838988227241046,31.204731429664758,1.2820391671619244e-14,-11.818835013700983,-15.935485356061083,0,0.0745
5.299999999999991,524.5315435442193,422.10716462129596,5.96820688292509e-14,60.45093057856217,30.678694018637767,1.2820391671619244e-14,-11.641729460366308,-15.781122330809685,0,0.0745
5.333333333333324,526.5338317308314,423.1124207999734,6.010941521830487e-14,60.06864559836181,30.157685360321977,1.2820391671619244e-14,-11.46854940601071,-15.63025974947367,0,0.0745
5.366666666666657,528.523565267122,424.1004738700917,6.053676160735884e-14,59.692006088719474,29.64159210355027,1.2820391671619244e-14,-11.299185289270191,-15.482797703151178,0,0.0745
5.399999999999991,530.5009282128972,425.0714840071414,6.096410799641281e-14,59.320888373257546,29.13030411149026,1.2820391671619244e-14,-11.133531463857832,-15.338639761800245,0,0.0745
5.433333333333324,532.4661006186357,426.0256078188293,6.139145438546678e-14,58.95517217215606,28.623714350636515,1.2820391671619244e-14,-10.97148603304453,-15.197692825612421,0,0.0745
5.466666666666657,534.4192586347161,426.9629984449798,6.181880077452075e-14,58.59474048241516,28.12171878451495,1.2820391671619244e-14,-10.812950692226895,-15.059866983646891,0,0.0745
5.49999999999999,536.3605746168198,427.8838056540422,6.224614716357472e-14,58.23947946311079,27.624216271870903,1.2820391671619244e-14,-10.657830579131145,-14.925075379321424,0,0.0745
5.5333333333333234,538.2902172276666,428.78817593634636,6.267349355262869e-14,57.88927832540314,27.131108469124847,1.2820391671619244e-14,-10.506034131229454,-14.793234082381648,0,0.0745
5.566666666666657,540.2083515352357,429.6762525942427,6.310083994168266e-14,57.54402922707075,26.64229973689173,1.2820391671619244e-14,-10.357472949971742,-14.664261966993571,0,0.0745
5.59999999999999,542.1151391076143,430.5481758292551,6.352818633073663e-14,57.20362717135542,26.157697050370857,1.2820391671619244e-14,-10.21206167145998,-14.538080595626203,0,0.0745
5.633333333333323,544.0107381046114,431.40408282636923,6.39555327197906e-14,56.86796990991492,25.67720991342381,1.2820391671619244e-14,-10.069717843214972,-14.414614108411438,0,0.0745
5.666666666666656,545.8953033662677,432.2441078355748,6.438287910884457e-14,56.53695784969136,25.20075027616756,1.2820391671619244e-14,-9.93036180670667,-14.293789117687448,0,0.0745
5.6999999999999895,547.7689864983848,433.0683822507721,6.481022549789854e-14,56.2104939635134,24.728232455919244,1.2820391671619244e-14,-9.793916585338893,-14.175534607449498,0,0.0745
5.733333333333323,549.6319359551935,433.87703468615,6.523757188695251e-14,55.88848370426014,24.25957306133762,1.2820391671619244e-14,-9.660307777597735,-14.059781837448742,0,0.0745
5.766666666666656,551.4842971192743,434.67019105013713,6.566491827600648e-14,55.5708349224238,23.794690919614453,1.2820391671619244e-14,-9.52946345509023,-13.946464251694959,0,0.0745
5.799999999999989,553.3262123788381,435.447974617023,6.609226466506045e-14,55.2574577869166,23.333507006576664,1.2820391671619244e-14,-9.401314065215958,-13.835517391133715,0,0.0745
5.833333333333322,555.1578212024707,436.21050609634193,6.651961105411442e-14,54.94826470897563,22.875944379567265,1.2820391671619244e-14,-9.275792338229287,-13.726878810281953,0,0.0745
5.866666666666656,556.9792602114383,436.9579037001079,6.694695744316839e-14,54.643170269026825,22.421928112979977,1.2820391671619244e-14,-9.152833198464096,-13.620487997618604,0,0.0745
5.899999999999989,558.7906632496508,437.69028320798554,6.737430383222236e-14,54.342091146376625,21.971385236328686,1.2820391671619244e-14,-9.032373679506021,-13.516286299538734,0,0.0745
5.933333333333322,560.592161451371,438.4077580304768,6.780165022127633e-14,54.04494605160631,21.52424467473899,1.2820391671619244e-14,-8.914352843109526,-13.41421684769083,0,0.0745
5.966666666666655,562.383883306756,439.110439270202,6.82289966103303e-14,53.751655661550686,21.080437191754754,1.2820391671619244e-14,-8.798711701668802,-13.314224489527074,0,0.0745
5.9999999999999885,564.1659547253144,439.7984357813473,6.865634299938428e-14,53.46214255674861,20.639895334357874,1.2820391671619244e-14,-8.685393144062227,-13.21625572190643,0,0.0745
6.033333333333322,565.9384990973563,440.4718542273508,6.908368938843825e-14,53.176331161258595,20.202553380104565,1.2820391671619244e-14,-8.57434186470034,-13.120258627599247,0,0.0745
6.066666666666655,567.7016373535142,441.13079913689364,6.951103577749222e-14,52.89414768473804,19.768347286286204,1.2820391671619244e-14,-8.465504295616839,-13.02618281455083,0,0.0745
6.099999999999988,569.4554880224039,441.77537295826124,6.993838216654619e-14,52.61552006668967,19.337214641027227,1.2820391671619244e-14,-8.35882854145098,-12.933979357769333,0,0.0745
6.133333333333321,571.2001672864967,442.4056761121358,7.036572855560016e-14,52.34037792278372,18.909094616236864,1.2820391671619244e-14,-8.254264317178265,-12.84360074371095,0,0.0745
6.1666666666666545,572.935789036269,443.0218070428803,7.079307494465413e-14,52.068652493168585,18.48392792233545,1.2820391671619244e-14,-8.151762888454089,-12.755000817042411,0,0.0745
6.199999999999988,574.6624649226918,443.62386226836963,7.12204213337081e-14,51.80027659268717,18.061656764679867,1.2820391671619244e-14,-8.051277014442562,-12.66813472966748,0,0.0745
6.233333333333321,576.3803044081225,444.2119364284235,7.164776772276207e-14,51.535184562920186,17.642224801616187,1.2820391671619244e-14,-7.95276089300955,-12.58295889191035,0,0.0745
6.266666666666654,578.0894148156552,444.7861223318932,7.207511411181604e-14,51.27331222598133,17.22557710409103,1.2820391671619244e-14,-7.856170108165654,-12.49943092575474,0,0.0745
6.299999999999987,579.7899013769884,445.34651100245173,7.250246050087001e-14,51.01459683999296,16.81166011675626,1.2820391671619244e-14,-7.761461579650982,-12.417509620043067,0,0.0745
6.333333333333321,581.4818672788608,445.8931917231352,7.292980688992398e-14,50.75897705617432,16.40042162050476,1.2820391671619244e-14,-7.66859351455935,-12.337154887545141,0,0.0745
6.366666666666654,583.1654137081101,446.42625207968115,7.335715327897795e-14,50.50639287747748,15.99181069637773,1.2820391671619244e-14,-7.577525360905069,-12.258327723810854,0,0.0745
6.399999999999987,584.8406398954004,446.94577800270736,7.378449966803192e-14,50.25678561870946,15.585777690786868,1.2820391671619244e-14,-7.488217763040604,-12.18099016772586,0,0.0745
6.43333333333332,586.5076431576698,447.45185380877393,7.421184605708589e-14,50.010097868081516,15.182274181997082,1.2820391671619244e-14,-7.4006325188382505,-12.105105263693604,0,0.0745
6.4666666666666535,588.1665189393408,447.9445622403679,7.463919244613986e-14,49.76627345012973,14.781252947818043,1.2820391671619244e-14,-7.314732538553603,-12.030637025371144,0,0.0745
6.499999999999987,589.8173608523392,448.4239845048497,7.506653883519383e-14,49.5252573899533,14.382667934455043,1.2820391671619244e-14,-7.230481805292814,-11.957550400890034,0,0.0745
6.53333333333332,591.4602607149632,448.8902003123988,7.54938852242478e-14,49.28699587871964,13.986474226471802,1.2820391671619244e-14,-7.147845337009897,-11.885811239497187,0,0.0745
6.566666666666653,593.0953085896427,449.3432879129928,7.592123161330177e-14,49.0514362403875,13.592628017820001,1.2820391671619244e-14,-7.066789149963973,-11.815386259554055,0,0.0745
6.599999999999986,594.7225928196294,449.7833241324559,7.634857800235574e-14,48.81852689960183,13.201086583892147,1.2820391671619244e-14,-6.987280223570206,-11.746243017835631,0,0.0745
6.6333333333333195,596.3422000646533,450.21038440760776,7.677592439140971e-14,48.58821735071578,12.81180825455635,1.2820391671619244e-14,-6.909286466581436,-11.678349880073906,0,0.0745
6.666666666666653,597.9542153355832,450.6245428205455,7.720327078046368e-14,48.36045812789775,12.424752388133244,1.2820391671619244e-14,-6.8327766845409625,-11.611675992693165,0,0.0745
6.699999999999986,599.5587220281259,451.02587213208807,7.763061716951765e-14,48.13520077628276,12.039879346277,1.2820391671619244e-14,-6.757720548449805,-11.546191255687319,0,0.0745
6.733333333333319,601.1558019555969,451.4144438144122,7.805796355857162e-14,47.9123978241296,11.657150469723938,1.2820391671619244e-14,-6.6840885645948855,-11.481866296591917,0,0.0745
6.766666666666652,602.7455353807951,451.790328082908,7.84853099476256e-14,47.692002755946696,11.27652805487374,1.2820391671619244e-14,-6.611852045487176,-11.418672445505939,0,0.0745
6.799999999999986,604.3280010470135,452.1535939272803,7.891265633667956e-14,47.47396998655131,10.897975331169716,1.2820391671619244e-14,-6.5409830818615635,-11.356581711120727,0,0.0745
6.833333333333319,605.9032762082144,452.50430914192185,7.934000272573353e-14,47.25825483602822,10.521456439245865,1.2820391671619244e-14,-6.4714545156926375,-11.295566757715525,0,0.0745
6.866666666666652,607.4714366583995,452.8425403555822,7.97673491147875e-14,47.04481350555546,10.146936409809827,1.2820391671619244e-14,-6.403239914182925,-11.235600883081155,0,0.0745
6.899999999999985,609.0325567602017,453.1683530603566,8.019469550384148e-14,46.833603054066046,9.774381143231988,1.2820391671619244e-14,-6.3363135446823735,-11.176657997335164,0,0.0745
6.9333333333333185,610.5867094727256,453.481811640017,8.062204189289545e-14,46.62458137571605,9.403757389812197,1.2820391671619244e-14,-6.270650350499944,-11.118712602593714,0,0.0745
6.966666666666652,612.1339663786633,453.78297939770687,8.104938828194942e-14,46.41770717813037,9.035032730696631,1.2820391671619244e-14,-6.206225927570231,-11.061739773467002,0,0.0745
6.999999999999985,613.67439771071,454.0719185830208,8.147673467100339e-14,46.212939961399044,8.668175559418406,1.2820391671619244e-14,-6.143016501939857,-11.00571513834673,0,0.0745
7.033333333333318,615.2080723773032,454.34869041848873,8.190408106005736e-14,46.010239997797704,8.303155064036554,1.2820391671619244e-14,-6.080998908040268,-10.950614861455547,0,0.0745
7.066666666666651,616.7350579877101,454.6133551254837,8.233142744911133e-14,45.8095683122072,7.939941209848892,1.2820391671619244e-14,-6.020150567715224,-10.896415625629855,0,0.0745
7.0999999999999845,618.2554208764836,454.8659719495722,8.27587738381653e-14,45.6108866632081,7.57850472265527,1.2820391671619244e-14,-5.960449469972917,-10.843094615808653,0,0.0745
7.133333333333318,619.7692261273112,455.10659918532383,8.318612022721927e-14,45.41415752482696,7.218817072548525,1.2820391671619244e-14,-5.901874151434175,-10.790629503202362,0,0.0745
7.166666666666651,621.2765375962749,455.33529420059756,8.361346661627324e-14,45.21934406891197,6.860850458211299,1.2820391671619244e-14,-5.844403677449735,-10.73899843011676,0,0.0745
7.199999999999984,622.7774179345455,455.5521134603208,8.404081300532721e-14,45.02641014811661,6.504577791697691,1.2820391671619244e-14,-5.78801762386087,-10.688179995408245,0,0.0745
7.233333333333317,624.2719286105279,455.7571125497768,8.446815939438118e-14,44.83532027947064,6.149972683679437,1.2820391671619244e-14,-5.732696059379065,-10.63815324054764,0,0.0745
7.266666666666651,625.7601299314784,455.9503461974147,8.489550578343515e-14,44.64603962851859,5.797009429137075,1.2820391671619244e-14,-5.678419528561643,-10.588897636270845,0,0.0745
7.299999999999984,627.242081064612,456.1318682971973,8.532285217248912e-14,44.45853399400654,5.445662993477229,1.2820391671619244e-14,-5.625169035361449,-10.540393069795389,0,0.0745
7.333333333333317,628.7178400577153,456.3017319304992,8.575019856154309e-14,44.272769793098874,5.095908999057798,1.2820391671619244e-14,-5.572926027229825,-10.492619832582935,0,0.0745
7.36666666666665,630.1874638592856,456.45998938756935,8.617754495059706e-14,44.0887140471071,4.747723712103514,1.2820391671619244e-14,-5.52167237975322,-10.445558608628534,0,0.0745
7.3999999999999835,631.6510083382094,456.6066921885692,8.660489133965103e-14,43.90633436771361,4.40108402999491,1.2820391671619244e-14,-5.471390381804709,-10.399190463258108,0,0.0745
7.433333333333317,633.1085283029986,456.7418911041997,8.7032237728705e-14,43.72559894367385,4.05596746891436,1.2820391671619244e-14,-5.422062721192809,-10.353496832416509,0,0.0745
7.46666666666665,634.5600775205979,456.8656361759275,8.745958411775897e-14,43.54647652798083,3.7123521518333944,1.2820391671619244e-14,-5.373672470790711,-10.308459512428957,0,0.0745
7.499999999999983,636.0057087347805,456.9779767358217,8.788693050681294e-14,43.36893642547649,3.3702167968260794,1.2820391671619244e-14,-5.326203075130095,-10.264060650219447,0,0.0745
7.533333333333316,637.4454736841436,457.0789614260115,8.831427689586691e-14,43.19294848089501,3.029540705693741,1.2820391671619244e-14,-5.27963833744438,-10.220282733970146,0,0.0745
7.5666666666666496,638.8794231197211,457.1686382177744,8.874162328492088e-14,43.018483067323444,2.6903037528868596,1.2820391671619244e-14,-5.233962407147117,-10.177108584206438,0,0.0745
7.599999999999983,640.3076068222233,457.24705443026477,8.916896967397485e-14,42.845511075065716,2.3524863747104368,1.2820391671619244e-14,-5.189159767731927,-10.134521345292692,0,0.0745
7.633333333333316,641.7300736189198,457.3142567488914,8.959631606302882e-14,42.674003900896345,2.016069558799625,1.2820391671619244e-14,-5.145215225081096,-10.092504477324347,0,0.0745
7.666666666666649,643.1468714001762,457.37029124335317,9.00236624520828e-14,42.50393343769066,1.6810348338528822,1.2820391671619244e-14,-5.10211389617058,-10.051041748402286,0,0.0745
7.699999999999982,644.5580471356568,457.4152033853402,9.045100884113676e-14,42.33527206441867,1.3473642596103519,1.2820391671619244e-14,-5.059841198159801,-10.010117227275911,0,0.0745
7.733333333333316,645.9636468902065,457.44903806590906,9.087835523019074e-14,42.16799263649016,1.01504041706563,1.2820391671619244e-14,-5.018382837855155,-9.96971527634166,0,0.0745
7.766666666666649,647.3637158394212,457.47183961253904,9.13057016192447e-14,42.002068476438936,0.6840463988994934,1.2820391671619244e-14,-4.97772480153676,-9.9298205449841,0,0.0745
7.799999999999982,648.758298284919,457.48365180587655,9.173304800829868e-14,41.837473364934326,0.3543658001245938,1.2820391671619244e-14,-4.937853345138395,-9.890417963246987,0,0.0745
7.833333333333315,650.1474376693226,457.4845178961742,9.216039439735265e-14,41.67418153210862,0.025982708930525844,1.2820391671619244e-14,-4.898754984771122,-9.851492735822038,0,0.0745
7.8666666666666485,651.5311765909622,457.4744806194315,9.258774078640662e-14,41.51216764918924,-0.3011183022809207,1.2820391671619244e-14,-4.860416487581476,-9.813030336343395,0,0.0745
7.899999999999982,652.9095568183097,457.4535044721355,9.301508717546059e-14,41.35140682042472,-0.629284418881719,1.2820391671619244e-14,-4.822824862935564,-9.844983498023952,0,0.0745
7.933333333333315,654.2826192995982,457.4215473995458,9.344243356451456e-14,41.19187443865294,-0.9587121776903138,1.2820391671619244e-14,-4.7859714531533815,-9.882832764257842,0,0.0745
7.966666666666648,655.6504041691296,457.37856749421957,9.386977995356853e-14,41.03354608594373,-1.2893971597865286,1.2820391671619244e-14,-4.749850581276116,-9.920549462886441,0,0.0745
7.999999999999981,657.0129507534658,457.3245229862524,9.42971263426225e-14,40.876397530085306,-1.621335239014778,1.2820391671619244e-14,-4.714456675752737,-9.958142376847478,0,0.0745
8.033333333333315,658.3702975775251,457.25937223323723,9.472447273167647e-14,40.7204047217768,-1.9545225904553571,1.2820391671619244e-14,-4.6797842492552215,-9.995620543217376,0,0.0745
8.066666666666649,659.7224823705928,457.18307370993944,9.515181912073044e-14,40.565543792033914,-2.2889556989332682,1.2820391671619244e-14,-4.645827892286707,-10.032993254337326,0,0.0745
8.099999999999982,661.069542072253,457.09558599768746,9.557916550978441e-14,40.411791049804066,-2.6246313675587865,1.2820391671619244e-14,-4.612582266895538,-10.070270058765548,0,0.0745
8.133333333333315,662.4115128382458,456.9968677734777,9.600651189883838e-14,40.25912297978742,-2.9615467262939763,1.2820391671619244e-14,-4.5800421004993215,-10.107460762055698,0,0.0745
8.166666666666648,663.7484300462611,456.886877798793,9.643385828789235e-14,40.10751624045997,-3.299699240539374,1.2820391671619244e-14,-4.5482021798233925,-10.144575427361936,0,0.0745
8.199999999999982,665.0803283016709,456.7655749081352,9.686120467694632e-14,39.95694766229469,-3.6390867197351033,1.2820391671619244e-14,-4.517057344958452,-10.181624375871879,0,0.0745
8.233333333333315,666.4072414432101,456.6329179972695,9.728855106600029e-14,39.80739424617661,-3.9797073259707467,1.2820391671619244e-14,-4.486602483542386,-10.218618187069296,0,0.0745
8.266666666666648,667.7292025486104,456.4888660111829,9.771589745505426e-14,39.658833162007554,-4.3215595825983835,1.2820391671619244e-14,-4.456832525071553,-10.255567698829108,0,0.0745
8.299999999999981,669.0462439401936,456.3333779317548,9.814324384410823e-14,39.51124174749599,-4.664642382843317,1.2820391671619244e-14,-4.4277424353470405,-10.292484007348008,0,0.0745
8.333333333333314,670.3583971904311,456.1664127651412,9.85705902331622e-14,39.364597507127264,-5.008954998407143,1.2820391671619244e-14,-4.399327211061584,-10.32937846691478,0,0.0745
8.366666666666648,671.6656931274748,455.9879295288726,9.899793662221617e-14,39.2188781113095,-5.35449708805798,1.2820391671619244e-14,-4.371581874532925,-10.366262689525103,0,0.0745
8.39999999999998,672.9681618406645,455.79788723866585,9.942528301127014e-14,39.074061395689846,-5.701268706202864,1.2820391671619244e-14,-4.344501468589598,-10.403148544346514,0,0.0745
8.433333333333314,674.265832686019,455.59624489495127,9.985262940032411e-14,38.93012536063601,-6.049270311437529,1.2820391671619244e-14,-4.3180810516150645,-10.440048157039957,0,0.0745
8.466666666666647,675.5587342917149,455.3829614691156,1.0027997578937808e-13,38.78704817087747,-6.3985027750690335,1.2820391671619244e-14,-4.292315692756223,-10.476973908945139,0,0.0745
8.49999999999998,676.8468945635583,455.1579958894621,1.0070732217843205e-13,38.64480815530073,-6.74896738960696,1.2820391671619244e-14,-4.267200467302245,-10.513938436137808,0,0.0745
8.533333333333314,678.1303406904548,454.9213070268881,1.0113466856748602e-13,38.50338380689274,-7.100665877219222,1.2820391671619244e-14,-4.2427304522396385,-10.55095462836785,0,0.0745
8.566666666666647,679.4090991498823,454.67285368028314,1.0156201495654e-13,38.36275378282643,-7.453600398148819,1.2820391671619244e-14,-4.218900721989265,-10.588035627887901,0,0.0745
8.59999999999998,680.6831957133717,454.41259456164687,1.0198936134559397e-13,38.22289690468207,-7.807773559088254,1.2820391671619244e-14,-4.195706344330933,-10.62519482818307,0,0.0745
8.633333333333313,681.9526554519982,454.1404882809299,1.0241670773464794e-13,38.08379215879803,-8.16318842150869,1.2820391671619244e-14,-4.1731423765209135,-10.662445872613059,0,0.0745
8.666666666666647,683.2175027418897,453.85649333059854,1.028440541237019e-13,37.94541869674445,-8.519848509941319,1.2820391671619244e-14,-4.1512038616074785,-10.69980265297892,0,0.0745
8.69999999999998,684.4777612697535,453.5605680699249,1.0327140051275588e-13,37.80775583591281,-8.877757820208894,1.2820391671619244e-14,-4.129885824949255,-10.737279308027256,0,0.0745
8.733333333333313,685.7334540384273,453.2526707090047,1.0369874690180985e-13,37.67078306021478,-9.236920827605747,1.2820391671619244e-14,-4.109183270940839,-10.774890221905599,0,0.0745
8.766666666666646,686.9846033724568,452.9327592925039,1.0412609329086382e-13,37.53448002088312,-9.597342495025192,1.2820391671619244e-14,-4.089091179949659,-10.812650022583329,0,0.0745
8.79999999999998,688.2312309237025,452.6007916831361,1.0455343967991779e-13,37.39882653736753,-9.95902828103363,1.2820391671619244e-14,-4.0696045054677255,-10.850573580253169,0,0.0745
8.833333333333313,689.4733576769797,452.25672554487306,1.0498078606897176e-13,37.26380259831816,-10.321984147891264,1.2820391671619244e-14,-4.050718171481339,-10.888676005729003,0,0.0745
8.866666666666646,690.7110039557347,451.9005183258891,1.0540813245802573e-13,37.12938836264944,-10.686216569519807,1.2820391671619244e-14,-4.032427070061367,-10.926972648856282,0,0.0745
8.899999999999979,691.9441894277572,451.5321272412418,1.058354788470797e-13,36.995564160676906,-11.051732539418204,1.2820391671619244e-14,-4.014726059176123,-10.965479096951908,0,0.0745
8.933333333333312,693.1729331109345,451.1515092552909,1.0626282523613367e-13,36.86231049531929,-11.418539578527904,1.2820391671619244e-14,-3.997609960728325,-11.004211173290978,0,0.0745
8.966666666666645,694.3972533790464,450.75862106385586,1.0669017162518764e-13,36.72960804335872,-11.786645743049844,1.2820391671619244e-14,-3.9810735588169703,-11.04318493565819,0,0.0745
8.999999999999979,695.6171679676048,450.3534190761153,1.0711751801424161e-13,36.59743765675125,-12.156059632215916,1.2820391671619244e-14,-3.965111598224391,-11.082416674982175,0,0.0745
9.033333333333312,696.8326939797375,449.935859396248,1.0754486440329558e-13,36.46578036398031,-12.526790396018292,1.2820391671619244e-14,-3.949718783128069,-11.121922914071307,0,0.0745
9.066666666666645,698.0438478921191,449.505897804818,1.0797221079234955e-13,36.33461737144577,-12.898847742900621,1.2820391671619244e-14,-3.934889776036136,-11.16172040646986,0,0.0745
9.099999999999978,699.2506455609484,449.0634897399041,1.0839955718140352e-13,36.20393006488094,-13.272241947415742,1.2820391671619244e-14,-3.9206191969448674,-11.201826135453615,0,0.0745
9.133333333333312,700.4531022279748,448.6085902779756,1.0882690357045749e-13,36.07370001079042,-13.646983857855215,1.2820391671619244e-14,-3.906901622715745,-11.242257313184187,0,0.0745
9.166666666666645,701.6512325265716,448.1411541145137,1.0925424995951146e-13,35.94390895790145,-14.023084903856594,1.2820391671619244e-14,-3.8937315866690576,-11.283031380041386,0,0.0745
9.199999999999978,702.845050487859,447.66113554438056,1.0968159634856543e-13,35.81453883862177,-14.40055710399503,1.2820391671619244e-14,-3.8811035783903067,-11.324166004153113,0,0.0745
9.233333333333311,704.0345695468756,447.168488441935,1.101089427376194e-13,35.685571770496935,-14.779413073366435,1.2820391671619244e-14,-3.8690120437450806,-11.36567908114211,0,0.0745
9.266666666666644,705.2198025487976,446.663166240896,1.1053628912667337e-13,35.55699005766036,-15.159666031170067,1.2820391671619244e-14,-3.85745138509738,-11.40758873410899,0,0.0745
9.299999999999978,706.4007617552065,446.14512191395266,1.1096363551572734e-13,35.428776192269495,-15.541329808299091,1.2820391671619244e-14,-3.8464159617258153,-11.449913313870695,0,0.0745
9.33333333333331,707.5774588504039,445.61430795212107,1.1139098190478131e-13,35.30091285592178,-15.924418854948208,1.2820391671619244e-14,-3.835900090431474,-11.492671399473508,0,0.0745
9.366666666666644,708.749904947772,445.0706763438461,1.1181832829383528e-13,35.17338292104409,-16.308948248248186,1.2820391671619244e-14,-3.8258980463307317,-11.53588179899938,0,0.0745
9.399999999999977,709.9181105961803,444.5141785538482,1.1224567468288925e-13,35.0461694522499,-16.69493369993766,1.2820391671619244e-14,-3.816404063825714,-11.579563550684197,0,0.0745
9.43333333333331,711.0820857864356,443.9447655017121,1.1267302107194322e-13,34.91925570765841,-17.082391564083203,1.2820391671619244e-14,-3.8074123377446902,-11.623735924366237,0,0.0745
9.466666666666644,712.2418399577747,443.3623875402168,1.131003674609972e-13,34.79262514017027,-17.471338844859293,1.2820391671619244e-14,-3.7989170246441617,-11.668418423282745,0,0.0745
9.499999999999977,713.3973820043979,442.76699443340345,1.1352771385005117e-13,34.66626139869481,-17.861793204400364,1.2820391671619244e-14,-3.7909122442640673,-11.713630786232171,0,0.0745
9.53333333333331,714.548720282042,442.1585353343789,1.1395506023910514e-13,34.540148329323905,-18.253772970737675,1.2820391671619244e-14,-3.7833920811271176,-11.759392990119288,0,0.0745
9.566666666666643,715.6958626145903,441.53695876285104,1.143824066281591e-13,34.41426997644814,-18.647297145834337,1.2820391671619244e-14,-3.776350586272991,-11.80572525289988,0,0.0745
9.599999999999977,716.8388163007173,440.9022125823933,1.1480975301721308e-13,34.28861058381088,-19.042385413732383,1.2820391671619244e-14,-3.7697817791178383,-11.852648036941376,0,0.0745
9.63333333333331,717.9775881205672,440.25424397743245,1.1523709940626705e-13,34.163154595496565,-19.439058148826227,1.2820391671619244e-14,-3.7636796494293354,-11.90018205281531,0,0.0745
9.666666666666643,719.1121843424622,439.59299942995654,1.1566444579532102e-13,34.03788665684965,-19.83733642427746,1.2820391671619244e-14,-3.7580381594073473,-11.948348263537033,0,0.0745
9.699999999999976,720.2426107296396,438.918424695937,1.16091792184375e-13,33.91279161532098,-20.237242020586386,1.2820391671619244e-14,-3.7528512458601795,-11.997167889267763,0,0.0745
9.73333333333331,721.3688725470142,438.23046478145915,1.1651913857342896e-13,33.78785452123877,-20.63879743433617,1.2820391671619244e-14,-3.7481128224662745,-12.046662412493498,0,0.0745
9.766666666666643,722.4909745679643,437.5290639185549,1.1694648496248293e-13,33.66306062850173,-21.042025887126005,1.2820391671619244e-14,-3.743816782111254,-12.096853583695067,0,0.0745
9.799999999999976,723.6089210811373,436.81416554073127,1.173738313515369e-13,33.53839539519206,-21.446951334710107,1.2820391671619244e-14,-3.73995699929019,-12.147763427523046,0,0.0745
9.833333333333309,724.7227158972742,436.08571225818594,1.1780117774059087e-13,33.413844484106555,-21.85359847635981,1.2820391671619244e-14,-3.7365273325651036,-12.19941424949108,0,0.0745
9.866666666666642,725.8323623560476,435.3436458327037,1.1822852412964484e-13,33.289393763204295,-22.2619927644665,1.2820391671619244e-14,-3.733521627067777,-12.25182864320069,0,0.0745
9.899999999999975,726.9378633329133,434.5879071522236,1.186558705186988e-13,33.16502930596969,-22.672160414403514,1.2820391671619244e-14,-3.730933717038176,-12.305029498110427,0,0.0745
9.933333333333309,728.0392212459695,433.81843620506805,1.1908321690775278e-13,33.04073739169006,-23.08412841466558,1.2820391671619244e-14,-3.7287574283889215,-12.359040007861998,0,0.0745
9.966666666666642,729.1364380628245,433.03517205382457,1.1951056329680675e-13,32.916504505647175,-23.497924537304776,1.2820391671619244e-14,-3.7269865812865817,-12.413883679175786,0,0.0745
9.999999999999975,730.2295153074652,432.2380528088685,1.1993790968586072e-13,32.792317339222485,-23.913577348682377,1.2820391671619244e-14,-3.7256149927407396,-12.469584341328042,0,0.0745
10.033333333333308,731.3184540671291,431.4270156015166,1.203652560749147e-13,32.66816278991608,-24.331116220556442,1.2820391671619244e-14,-3.7246364791921893,-12.52616615622195,0,0.0745
10.066666666666642,732.4032549991717,430.60199655679907,1.2079260246396866e-13,32.54402796127969,-24.75057134152527,1.2820391671619244e-14,-3.724044859091891,-12.583653629064804,0,0.0745
10.099999999999975,733.4839183379305,429.7629307658375,1.2121994885302263e-13,32.419900162764264,-25.171973728847384,1.2820391671619244e-14,-3.7238339554627204,-12.64207161966346,0,0.0745
10.133333333333308,734.5604439015799,428.9097522578155,1.216472952420766e-13,32.29576690948305,-25.595355240659067,1.2820391671619244e-14,-3.7239975984364118,-12.701445354350511,0,0.0745
10.166666666666641,735.6328310989762,428.0423939715285,1.2207464163113057e-13,32.171615921891096,-26.020748588610857,1.2820391671619244e-14,-3.7245296277585354,-12.761800438553676,0,0.0745
10.199999999999974,736.701078936489,427.160787726497,1.2250198802018454e-13,32.047435125382606,-26.4481873509449,1.2820391671619244e-14,-3.7254238952547283,-12.823162870021248,0,0.0745
10.233333333333308,737.7651860248159,426.26486419362914,1.2292933440923851e-13,31.923212649807542,-26.87770598603546,1.2820391671619244e-14,-3.7266742672518807,-12.885559052716744,0,0.0745
10.26666666666664,738.8251505857795,425.3545528654153,1.2335668079829248e-13,31.798936828909262,-27.309339846415337,1.2820391671619244e-14,-3.7282746269483864,-12.949015811396379,0,0.0745
10.299999999999974,739.8809704591024,424.42978202563825,1.2378402718734645e-13,31.674596199684995,-27.74312519331145,1.2820391671619244e-14,-3.730218876728063,-13.013560406883407,0,0.0745
10.333333333333307,740.9326431091581,423.49047871858113,1.2421137357640042e-13,31.550179501671238,-28.17909921171325,1.2820391671619244e-14,-3.7325009404127405,-13.079220552054052,0,0.0745
10.36666666666664,741.9801656316967,422.53656871771454,1.246387199654544e-13,31.42567567615627,-28.61730002599826,1.2820391671619244e-14,-3.735114765449051,-13.146024428550353,0,0.0745
10.399999999999974,743.0235347605408,421.5679764938432,1.2506606635450837e-13,31.301073865322092,-29.057766716139465,1.2820391671619244e-14,-3.738054325025329,-13.21400070423607,0,0.0745
10.433333333333307,744.0627468742514,420.58462518269255,1.2549341274356234e-13,31.176363411318256,-29.500539334519885,1.2820391671619244e-14,-3.7413136201150423,-13.283178551412599,0,0.0745
10.46666666666664,745.0977980027604,419.5864365519132,1.259207591326163e-13,31.051533855270137,-29.945658923380314,1.2820391671619244e-14,-3.74488668144358,-13.353587665812835,0,0.0745
10.499999999999973,746.1286838339679,418.5733309674823,1.2634810552167028e-13,30.92657493622428,-30.39316753292671,1.2820391671619244e-14,-3.7487675713756596,-13.425258286391912,0,0.0745
10.533333333333307,747.1553997203024,417.5452273594782,1.2677545191072425e-13,30.80147659003358,-30.84310824012454,1.2820391671619244e-14,-3.7529503857210655,-13.498221215934876,0,0.0745
10.56666666666664,748.1779406852419,416.5020431872046,1.2720279829977822e-13,30.67622894818502,-31.295525168207963,1.2820391671619244e-14,-3.7574292554567936,-13.572507842502691,0,0.0745
10.599999999999973,749.1963014297943,415.44369440364017,1.276301446888322e-13,30.55082233657288,-31.750463506932597,1.2820391671619244e-14,-3.762198348364113,-13.648150161739018,0,0.0745
10.633333333333306,750.210476338935,414.3700954191868,1.2805749107788616e-13,30.425247274220233,-32.20796953360133,1.2820391671619244e-14,-3.767251870579419,-13.725180800062,0,0.0745
10.66666666666664,751.2204594880001,413.2811590646903,1.2848483746694013e-13,30.29949447195163,-32.668090634893545,1.2820391671619244e-14,-3.772584068058096,-13.803633038766453,0,0.0745
10.699999999999973,752.226244649034,412.176796553706,1.289121838559941e-13,30.17355483101993,-33.130875329529005,1.2820391671619244e-14,-3.77818922795098,-13.883540839063743,0,0.0745
10.733333333333306,753.2278252970904,411.0569174439794,1.2933953024504807e-13,30.047419441690153,-33.596373291798606,1.2820391671619244e-14,-3.78406167989332,-13.964938868088149,0,0.0745
10.766666666666639,754.2251946164831,409.92142959811287,1.2976687663410204e-13,29.92107958178327,-34.064635375995294,1.2820391671619244e-14,-3.790195797206453,-14.047862525900547,0,0.0745
10.799999999999972,755.2183455069892,408.7702391433869,1.30194223023156e-13,29.794526715182847,-34.53571364177936,1.2820391671619244e-14,-3.7965859980126844,-14.132347973521995,0,0.0745
10.833333333333306,756.2072705899994,407.6032504307031,1.3062156941220998e-13,29.667752490307375,-35.00966138051376,1.2820391671619244e-14,-3.8032267462641265,-14.218432162032014,0,0.0745
10.866666666666639,757.1919622146178,406.4203659926162,1.3104891580126395e-13,29.54074873855116,-35.48653314260604,1.2820391671619244e-14,-3.810112552686524,-14.306152862768409,0,0.0745
10.899999999999972,758.1724124637077,405.2214865004197,1.3147626219031792e-13,29.413507472696516,-35.96638476589497,1.2820391671619244e-14,-3.8172379756392867,-14.395548698667875,0,0.0745
10.933333333333305,759.1486131598843,404.00651072024897,1.319036085793719e-13,29.286020885300076,-36.44927340512127,1.2820391671619244e-14,-3.8245976218931848,-14.486659176788972,0,0.0745
10.966666666666638,760.1205558714529,402.7753354681649,1.3233095496842586e-13,29.15828134705583,-36.935257562523326,1.2820391671619244e-14,-3.8321861473273273,-14.579524722061633,0,0.0745
10.999999999999972,761.0882319182908,401.5278555641782,1.3275830135747983e-13,29.03028140513759,-37.42439711960033,1.2820391671619244e-14,-3.83999825754724,-14.67418671231009,0,0.0745
11.033333333333305,762.051632377675,400.2639637851753,1.331856477465338e-13,28.90201378152339,-37.91675337008696,1.2820391671619244e-14,-3.848028708425978,-14.770687514598828,0,0.0745
11.066666666666638,763.0107480900518,398.98355081670246,1.3361299413558777e-13,28.773471371304378,-38.41238905418544,1.2820391671619244e-14,-3.856272306570375,-14.869070522954347,0,0.0745
11.099999999999971,763.9655696647512,397.68650520356573,1.3404034052464174e-13,28.644647240980557,-38.911368394102716,1.2820391671619244e-14,-3.8647239097146207,-14.969380197518408,0,0.0745
11.133333333333304,764.9160874856427,396.372713299201,1.3446768691369571e-13,28.515534626745776,-39.41375713094245,1.2820391671619244e-14,-3.873378427043468,-15.07166210519195,0,0.0745
11.166666666666638,765.8622917167348,395.0420592137676,1.3489503330274968e-13,28.386126932764196,-39.91962256300352,1.2820391671619244e-14,-3.882230819447459,-15.175962961832212,0,0.0745
11.19999999999997,766.8041723077162,393.69442476091626,1.3532237969180365e-13,28.256417729440443,-40.429033585539166,1.2820391671619244e-14,-3.8912760997126106,-15.282330676069352,0,0.0745
11.233333333333304,767.7417189994391,392.3296894031818,1.3574972608085763e-13,28.12640075168554,-40.94206073203292,1.2820391671619244e-14,-3.900509332647089,-15.39081439481256,0,0.0745
11.266666666666637,768.6749213293451,390.9477301959468,1.361770724699116e-13,27.99606989718063,-41.45877621705025,1.2820391671619244e-14,-3.909925635147381,-15.50146455051997,0,0.0745
11.29999999999997,769.6037686368331,389.54842172992255,1.3660441885896557e-13,27.86541922464041,-41.97925398072727,1.2820391671619244e-14,-3.9195201762065865,-15.614332910310631,0,0.0745
11.333333333333304,770.528250068569,388.13163607209054,1.3703176524801954e-13,27.73444295207816,-42.503569734960664,1.2820391671619244e-14,-3.9292881768673817,-15.729472627001659,0,0.0745
11.366666666666637,771.4483545837381,386.697242705045,1.374591116370735e-13,27.603135455074085,-43.031801011365935,1.2820391671619244e-14,-3.9392249101222747,-15.846938292158146,0,0.0745
11.39999999999997,772.3640709592397,385.24510846467587,1.3788645802612748e-13,27.471491265048627,-43.564027211074226,1.2820391671619244e-14,-3.9493257007637252,-15.96678599124861,0,0.0745
11.433333333333303,773.2753877948245,383.7750974761278,1.3831380441518145e-13,27.3395050675424,-44.100329656441026,1.2820391671619244e-14,-3.959585925186736,-16.089073361004022,0,0.0745
11.466666666666637,774.1822935181747,382.2870710879697,1.3874115080423542e-13,27.207171700504187,-44.64079164474383,1.2820391671619244e-14,-3.970001011146432,-16.213859649083982,0,0.0745
11.49999999999997,775.0847763899276,380.78088780450474,1.391684971932894e-13,27.074486152588413,-45.18549850394915,1.2820391671619244e-14,-3.9805664374731924,-16.341205776159676,0,0.0745
11.533333333333303,775.982824508643,379.2564032161503,1.3959584358234336e-13,26.941443561463487,-45.734537650633456,1.2820391671619244e-14,-3.991277733747784,-16.471174400529268,0,0.0745
11.566666666666636,776.8764258157141,377.7134699278121,1.4002318997139733e-13,26.808039212132186,-46.2879986501464,1.2820391671619244e-14,-4.002130479938972,-16.603829985388284,0,0.0745
11.59999999999997,777.7655681002229,376.15193748517515,1.404505363604513e-13,26.67426853526532,-46.84597327910921,1.2820391671619244e-14,-4.013120306005979,-16.739238868884264,0,0.0745
11.633333333333303,778.6502390037413,374.5716522988303,1.4087788274950527e-13,26.540127105549715,-47.40855559034563,1.2820391671619244e-14,-4.024242891468131,-16.877469337092588,0,0.0745
11.666666666666636,779.5304260250763,372.97245756615206,1.4130522913855924e-13,26.40561064005158,-47.97584198034757,1.2820391671619244e-14,-4.035493964944009,-17.01859170005809,0,0.0745
11.699999999999969,780.4061165249628,371.3541931908393,1.417325755276132e-13,26.270714996596173,-48.54793125938275,1.2820391671619244e-14,-4.04686930366225,-17.162678371055463,0,0.0745
11.733333333333302,781.2772977307017,369.7166957000274,1.4215992191666718e-13,26.13543617216463,-49.12492472435709,1.2820391671619244e-14,-4.058364732946225,-17.309803949230332,0,0.0745
11.766666666666636,782.1439567407452,368.0597981588757,1.4258726830572115e-13,25.99977030130881,-49.70692623455016,1.2820391671619244e-14,-4.069976125674623,-17.46004530579207,0,0.0745
11.799999999999969,783.0060805292314,366.3833300825308,1.4301461469477512e-13,25.86371365458481,-50.294042290348145,1.2820391671619244e-14,-4.081699401719988,-17.613481673939624,0,0.0745
11.833333333333302,783.8636559504649,364.6871173453606,1.434419610838291e-13,25.727262637005907,-50.88638211510521,1.2820391671619244e-14,-4.093530527367108,-17.770194742711922,0,0.0745
11.866666666666635,784.7166697433488,362.97098208735156,1.4386930747288306e-13,25.59041378651547,-51.484057740270735,1.2820391671619244e-14,-4.105465514713165,-17.930268754965923,0,0.0745
11.899999999999968,785.5651085357648,361.234742617554,1.4429665386193703e-13,25.453163772480423,-52.087184093927306,1.2820391671619244e-14,-4.117500421051399,-18.093790609697066,0,0.0745
11.933333333333302,786.408958848905,359.4782133144576,1.44724000250991e-13,25.315509394205755,-52.69587909289163,1.2820391671619244e-14,-4.129631348240009,-18.26084996892977,0,0.0745
11.966666666666635,787.2482071015539,357.701204523173,1.4515134664004497e-13,25.17744757947049,-53.31026373853893,1.2820391671619244e-14,-4.141854442057948,-18.43153936941901,0,0.0745
11.999999999999968,788.0828396143235,355.90352244928897,1.4557869302909894e-13,25.038975383085518,-53.930462216519544,1.2820391671619244e-14,-4.1541658915491215,-18.605954339418542,0,0.0745
12.033333333333301,788.9128426138393,354.0849690492708,1.4600603941815291e-13,24.900089985473635,-54.556602000545766,1.2820391671619244e-14,-4.166561928356532,-18.78419352078658,0,0.0745
12.066666666666634,789.7382022368816,352.24534191725627,1.4643338580720688e-13,24.760788691272044,-55.188813960436306,1.2820391671619244e-14,-4.17903882604773,-18.9663587967161,0,0.0745
12.099999999999968,790.5589045344802,350.3844341681024,1.4686073219626086e-13,24.621068927957612,-55.827232474616125,1.2820391671619244e-14,-4.191592899432918,-19.152555425394446,0,0.0745
12.1333333333333,791.3749354759634,348.5020343165264,1.4728807858531483e-13,24.480928244495047,-56.471995547279974,1.2820391671619244e-14,-4.204220503876975,-19.3428921799155,0,0.0745
12.166666666666634,792.1862809529637,346.59792615217845,1.477154249743688e-13,24.340364310008162,-57.123244930439554,1.2820391671619244e-14,-4.216918034606567,-19.537481494787517,0,0.0745
12.199999999999967,792.9929267833795,344.67188861047555,1.4814277136342277e-13,24.19937491247438,-57.781126251086256,1.2820391671619244e-14,-4.229681926013449,-19.736439619401022,0,0.0745
12.2333333333333,793.7948587152943,342.7236956390184,1.4857011775247674e-13,24.057957957442547,-58.445789143714386,1.2820391671619244e-14,-4.242508650955028,-19.939886778843782,0,0.0745
12.266666666666634,794.5920624308534,340.75311605940294,1.489974641415307e-13,23.91611146677411,-59.11738738846353,1.2820391671619244e-14,-4.255394720053097,-20.147947342474183,0,0.0745
12.299999999999967,795.3845235501003,338.7599134242312,1.4942481053058468e-13,23.77383357740772,-59.7960790551532,1.2820391671619244e-14,-4.268336680991706,-20.36075000069026,0,0.0745
12.3333333333333,796.1722276347718,336.7438458691146,1.4985215691963865e-13,23.631122540147224,-60.48202665349851,1.2820391671619244e-14,-4.281331117814927,-20.578427950359348,0,0.0745
12.366666666666633,796.9551601920542,334.7046659594542,1.5027950330869262e-13,23.487976718473046,-61.17539728981195,1.2820391671619244e-14,-4.294374650225345,-20.80111908940317,0,0.0745
12.399999999999967,797.7333066783001,332.6421205317704,1.507068496977466e-13,23.344394587376915,-61.87636283051411,1.2820391671619244e-14,-4.307463932883903,-21.02896622106493,0,0.0745
12.4333333333333,798.5066525027074,330.5559505293439,1.5113419608680056e-13,23.200374732219856,-62.58510007279475,1.2820391671619244e-14,-4.320595654711792,-21.26211726841914,0,0.0745
12.466666666666633,799.2751830309612,328.44589083191767,1.5156154247585453e-13,23.05591584761336,-63.30179092278547,1.2820391671619244e-14,-4.3337665381949195,-21.500725499721554,0,0.0745
12.499999999999966,800.0388835888386,326.3116700791968,1.519888888649085e-13,22.911016736323646,-64.02662258162667,1.2820391671619244e-14,-4.346973338691473,-21.74494976523584,0,0.0745
12.5333333333333,800.7977394657786,324.153010487869,1.5241623525396247e-13,22.765676308198877,-64.75978773983387,1.2820391671619244e-14,-4.360212843743035,-21.9949547462158,0,0.0745
12.566666666666633,801.551735918416,321.9696276618559,1.5284358164301644e-13,22.61989357911922,-65.50148478039277,1.2820391671619244e-14,-4.373481872389623,-22.25091121676722,0,0.0745
12.599999999999966,802.3008581740816,319.7612303954879,1.532709280320704e-13,22.473667669969586,-66.25191799103817,1.2820391671619244e-14,-4.386777274488999,-22.51299631936211,0,0.0745
12.633333333333299,803.0450914342694,317.5275204692813,1.5369827442112438e-13,22.326997805634903,-67.01129778619918,1.2820391671619244e-14,-4.400095930040513,-22.781393854830434,0,0.0745
12.666666666666632,803.7844208780699,315.2681924379772,1.5412562081017835e-13,22.17988331401778,-67.77984093912288,1.2820391671619244e-14,-4.413434748513705,-23.05629458771073,0,0.0745
12.699999999999966,804.5188316655725,312.9829334104865,1.5455296719923232e-13,22.032323625078387,-68.5577708247196,1.2820391671619244e-14,-4.426790668181811,-23.337896567901492,0,0.0745
12.733333333333299,805.2483089412357,310.67142282136297,1.549803135882863e-13,21.884318269896376,-69.34531767370696,1.2820391671619244e-14,-4.440160655460318,-23.626405469620643,0,0.0745
12.766666666666632,805.9728378372275,308.33333219340744,1.5540765997734026e-13,21.735866879754692,-70.14271883866532,1.2820391671619244e-14,-4.45354170425057,-23.92203494875056,0,0.0745
12.799999999999965,806.6924034767356,305.96832489098557,1.5583500636639423e-13,21.586969185245074,-70.95021907265605,1.2820391671619244e-14,-4.466930835288493,-24.22500701972193,0,0.0745
12.833333333333298,807.4069909772488,303.57605586361575,1.562623527554482e-13,21.43762501539513,-71.76807082109511,1.2820391671619244e-14,-4.480325095498309,-24.535552453171526,0,0.0745
12.866666666666632,808.1165854538094,301.1561713793618,1.5668969914450217e-13,21.287834296816758,-72.59653452761835,1.2820391671619244e-14,-4.493721557351216,-24.853911195697325,0,0.0745
12.899999999999965,808.8211720222387,298.7083087475377,1.5711704553355614e-13,21.137597052875797,-73.43587895472265,1.2820391671619244e-14,-4.507117318228811,-25.18033281312942,0,0.0745
12.933333333333298,809.5207358023348,296.2320960302038,1.5754439192261011e-13,20.98691340288276,-74.28638152001727,1.2820391671619244e-14,-4.520509499791105,-25.515076958838556,0,0.0745
12.966666666666631,810.215261921045,293.72715174190466,1.5797173831166409e-13,20.835783561304467,-75.14832864897444,1.2820391671619244e-14,-4.533895247348815,-25.858413868715132,0,0.0745
12.999999999999964,810.9047355156115,291.1930845370671,1.5839908470071806e-13,20.684207836996478,-76.02201614512686,1.2820391671619244e-14,-4.547271729239661,-26.21062488457229,0,0.0745
13.033333333333298,811.5891417366934,288.629492884443,1.5882643108977203e-13,20.532186632456202,-76.90774957872209,1.2820391671619244e-14,-4.560636136208284,-26.572003007857045,0,0.0745
13.066666666666631,812.2684657514633,286.0359647279459,1.59253777478826e-13,20.379720443096556,-77.80584469491191,1.2820391671619244e-14,-4.573985680789367,-26.9428534856946,0,0.0745
13.099999999999964,812.9426927466812,283.41207713319164,1.5968112386787997e-13,20.226809856540108,-78.71662784262674,1.2820391671619244e-14,-4.587317596693461,-27.32349443144454,0,0.0745
13.133333333333297,813.6118079317457,280.7573959190128,1.6010847025693394e-13,20.073455551933606,-79.64043642536384,1.2820391671619244e-14,-4.600629138195035,-27.71425748211339,0,0.0745
13.16666666666663,814.2757965417218,278.0714752731727,1.605358166459879e-13,19.91965829928287,-80.57761937520213,1.2820391671619244e-14,-4.613917579522077,-28.11548849514856,0,0.0745
13.199999999999964,814.9346438403487,275.35385735145786,1.6096316303504188e-13,19.76541895880798,-81.52853765144663,1.2820391671619244e-14,-4.627180214246679,-28.52754828733473,0,0.0745
13.233333333333297,815.588335123026,272.6040718592777,1.6139050942409585e-13,19.610738480318787,-82.49356476540417,1.2820391671619244e-14,-4.640414354675813,-28.950813418726376,0,0.0745
13.26666666666663,816.2368557197797,269.8216356148478,1.6181785581314982e-13,19.455617902610733,-83.47308733289691,1.2820391671619244e-14,-4.653617331241571,-29.385677024781952,0,0.0745
13.299999999999963,816.8801909982091,267.00605209297333,1.622452022022038e-13,19.300058352881067,-84.46750565623415,1.2820391671619244e-14,-4.666786491889988,-29.83254970011737,0,0.0745
13.333333333333297,817.5183263664146,264.15681094839044,1.6267254859125776e-13,19.144061046165483,-85.47723433748651,1.2820391671619244e-14,-4.679919201467552,-30.29186043757063,0,0.0745
13.36666666666663,818.1512472759077,261.2733875175558,1.6309989498031173e-13,18.987627284795337,-86.50270292503882,1.2820391671619244e-14,-4.693012841104375,-30.76405762656929,0,0.0745
13.399999999999963,818.7789392245036,258.35524229770436,1.635272413693657e-13,18.83075845787557,-87.54435659554277,1.2820391671619244e-14,-4.706064807592969,-31.249610115118312,0,0.0745
13.433333333333296,819.4013877591964,255.4018204019195,1.6395458775841967e-13,18.673456040783524,-88.60265687354553,1.2820391671619244e-14,-4.719072512761477,-31.749008340082696,0,0.0745
13.46666666666663,820.0185784790193,252.4125509888782,1.6438193414747364e-13,18.515721594688856,-89.67808239123981,1.2820391671619244e-14,-4.732033382840093,-32.262765530828396,0,0.0745
13.499999999999963,820.6304970378891,249.38684666584606,1.648092805365276e-13,18.357556766094877,-90.7711296909635,1.2820391671619244e-14,-4.74494485781932,-32.79141899171071,0,0.0745
13.533333333333296,821.2371291474358,246.32410286340354,1.6523662692558158e-13,18.19896328640159,-91.88231407327568,1.2820391671619244e-14,-4.757804390798658,-33.335531469365066,0,0.0745
13.56666666666663,821.8384605798188,243.22369718028185,1.6566397331463555e-13,18.039942971490785,-93.0121704936512,1.2820391671619244e-14,-4.770609447324147,-33.89569261126541,0,0.0745
13.599999999999962,822.4344771705299,240.0849886965795,1.6609131970368952e-13,17.880497721333683,-94.16125451107034,1.2820391671619244e-14,-4.783357504713084,-34.47252052257418,0,0.0745
13.633333333333296,823.025164821184,236.90731725351168,1.665186660927435e-13,17.720629519621543,-95.33014329203438,1.2820391671619244e-14,-4.796046051364148,-35.06666342892098,0,0.0745
13.666666666666629,823.610509502298,233.69000269771783,1.6694601248179746e-13,17.560340433419842,-96.51943667381508,1.2820391671619244e-14,-4.808672586050995,-35.678801453420895,0,0.0745
13.699999999999962,824.1904972560595,230.43234408801624,1.6737335887085143e-13,17.399632612846602,-97.72975829104782,1.2820391671619244e-14,-4.821234617197251,-36.309648516982115,0,0.0745
13.733333333333295,824.7651141990854,227.13361886234603,1.678007052599054e-13,17.23850829077558,-98.96175677010672,1.2820391671619244e-14,-4.8337296621306685,-36.95995437176724,0,0.0745
13.766666666666628,825.3343465251709,223.7930819624774,1.6822805164895937e-13,17.07696978256511,-100.21610699605895,1.2820391671619244e-14,-4.846155246314055,-37.63050677856715,0,0.0745
13.799999999999962,825.8981805080314,220.40996491389785,1.6865539803801334e-13,16.91501948581343,-101.49351145738675,1.2820391671619244e-14,-4.858508902550395,-38.32213383983388,0,0.0745
13.833333333333295,826.4566025040361,216.98347485809472,1.6908274442706732e-13,16.75265988014145,-102.79470167409363,1.2820391671619244e-14,-4.870788170159376,-39.03570650120662,0,0.0745
13.866666666666628,827.0095989549362,213.5127935342521,1.6951009081612129e-13,16.58989352700404,-104.12043971527918,1.2820391671619244e-14,-4.882990594122297,-39.7721412355665,0,0.0745
13.899999999999961,827.5571563905872,209.99707620715947,1.6993743720517526e-13,16.42672306953097,-105.47151981277861,1.2820391671619244e-14,-4.895113724192182,-40.532402924983145,0,0.0745
13.933333333333294,828.0992614316672,206.43545053789197,1.7036478359422923e-13,16.263151232398783,-106.84877007802474,1.2820391671619244e-14,-4.907155113965527,-41.31750795738415,0,0.0745
13.966666666666628,828.6359007923917,202.8270153935618,1.707921299832832e-13,16.099180821735054,-108.25305432990488,1.2820391671619244e-14,-4.919112319911937,-42.12852755640424,0,0.0745
13.999999999999961,829.1670612832269,199.17083959215978,1.7121947637233717e-13,15.934814725056468,-109.68527404206064,1.2820391671619244e-14,-4.930982900357598,-42.96659136467258,0,0.0745
14.033333333333294,829.6927298136017,195.4659605781991,1.7164682276139114e-13,15.770055911242533,-111.14637041882051,1.2820391671619244e-14,-4.942764414418051,-43.83289130279601,0,0.0745
14.066666666666627,830.2128933946199,191.71138302454005,1.720741691504451e-13,15.60490743054668,-112.63732660977104,1.2820391671619244e-14,-4.954454420875615,-44.72868572851599,0,0.0745
14.09999999999996,830.7275391417747,187.90607735541104,1.7250151553949908e-13,15.43937241464681,-114.1591700738706,1.2820391671619244e-14,-4.966050476996091,-45.65530392298662,0,0.0745
14.133333333333294,831.236654277666,184.04897818524438,1.7292886192855305e-13,15.273454076737503,-115.71297510499957,1.2820391671619244e-14,-4.977550137279226,-46.61415093386916,0,0.0745
14.166666666666627,831.7402261347216,180.1389826675133,1.7335620831760702e-13,15.10715571166628,-117.29986553193298,1.2820391671619244e-14,-4.9889509521366975,-47.606712808002186,0,0.0745
14.19999999999996,832.2382421579255,176.17494874728237,1.73783554706661e-13,14.940480696116582,-118.92101760692712,1.2820391671619244e-14,-5.000250466490957,-48.63456224982418,0,0.0745
14.233333333333293,832.7306899075535,172.15569331066752,1.7421090109571496e-13,14.773432488840328,-120.57766309844526,1.2820391671619244e-14,-5.011446218287633,-49.69936474554389,0,0.0745
14.266666666666627,833.2175570619182,168.07999022383342,1.7463824748476893e-13,14.60601463094321,-122.27109260502276,1.2820391671619244e-14,-5.0225357369135315,-50.80288519732489,0,0.0745
14.29999999999996,833.6988314201258,163.94656825353653,1.750655938738229e-13,14.438230746226159,-124.00265910890721,1.2820391671619244e-14,-5.033516541511547,-51.946995116533586,0,0.0745
14.333333333333293,834.1745009048453,159.7541088605391,1.7549294026287687e-13,14.270084541586726,-125.77378178992268,1.2820391671619244e-14,-5.044386139182959,-53.13368043046395,0,0.0745
14.366666666666626,834.6445535650948,155.50124385647172,1.7592028665193084e-13,14.101579807484502,-127.58595012202183,1.2820391671619244e-14,-5.0551420230667485,-54.36504996297442,0,0.0745
14.39999999999996,835.108977579044,151.18655291389737,1.763476330409848e-13,13.932720418475018,-129.44072827722997,1.2820391671619244e-14,-5.065781670284489,-55.64334465624409,0,0.0745
14.433333333333293,835.5677612568379,146.80856091842472,1.7677497943003878e-13,13.763510333817074,-131.33975986417926,1.2820391671619244e-14,-5.0763025397383235,-56.970947608478625,0,0.0745
14.466666666666626,836.0208930434432,142.36573515071763,1.7720232581909275e-13,13.593953598158798,-133.28477303121235,1.2820391671619244e-14,-5.086702069748292,-58.350395010992955,0,0.0745
14.49999999999996,836.4683615215201,137.8564822851463,1.7762967220814672e-13,13.424054342308336,-135.2775859671391,1.2820391671619244e-14,-5.096977675513843,-59.78438807780186,0,0.0745
14.533333333333292,836.9101554143233,133.27914519060633,1.780570185972007e-13,13.253816784095573,-137.32011283619994,1.2820391671619244e-14,-5.107126746382925,-61.27580607182577,0,0.0745
14.566666666666626,837.3462635886343,128.63199951768382,1.7848436498625466e-13,13.083245229331897,-139.41437018767482,1.2820391671619244e-14,-5.117146642910251,-62.827720544246105,0,0.0745
14.599999999999959,837.7766750577301,123.91325005485284,1.7891171137530863e-13,12.912344072875749,-141.56248388492958,1.2820391671619244e-14,-5.127034693684458,-64.44341091764262,0,0.0745
14.633333333333292,838.2013789843905,119.12102683473346,1.793390577643626e-13,12.741117799812358,-143.76669660358155,1.2820391671619244e-14,-5.136788191901724,-66.12638155955928,0,0.0745
14.666666666666625,838.6203646839491,114.25338096960144,1.7976640415341657e-13,12.569570986756991,-146.02937595396048,1.2820391671619244e-14,-5.146404391661012,-67.88038051136806,0,0.0745
14.699999999999958,839.0336216273922,109.30828019329378,1.8019375054247055e-13,12.397708303291878,-148.35302328922953,1.2820391671619244e-14,-5.155880503953362,-69.70942005807115,0,0.0745
14.733333333333292,839.4411394445104,104.2836040843768,1.8062109693152452e-13,12.225534513548057,-150.74028326750937,1.2820391671619244e-14,-5.1652136923146585,-71.61779934839572,0,0.0745
14.766666666666625,839.8429079271086,99.17713894290243,1.8104844332057849e-13,12.053054477944462,-153.19395424423138,1.2820391671619244e-14,-5.174401068107842,-73.61012930166049,0,0.0745
14.799999999999958,840.2389170322786,93.9865722902403,1.8147578970963246e-13,11.880273155097907,-155.71699957986374,1.2820391671619244e-14,-5.1834396853966345,-75.69136006897122,0,0.0745
14.833333333333291,840.6291568857425,88.7094869582982,1.8190313609868643e-13,11.707195603918954,-158.3125599582631,1.2820391671619244e-14,-5.192326535368565,-77.86681135198097,0,0.0745
14.866666666666625,841.0136177852729,83.34335473088555,1.823304824877404e-13,11.533826985910288,-160.98396682237927,1.2820391671619244e-14,-5.201058540259983,-80.14220592348491,0,0.0745
14.899999999999958,841.3922902041958,77.88552949598245,1.8275782887679437e-13,11.360172567685947,-163.73475704709284,1.2820391671619244e-14,-5.209632546730259,-82.5237067414074,0,0.0745
14.933333333333291,841.7651647949868,72.33323986318787,1.8318517526584834e-13,11.18623772373175,-166.56868898383766,1.2820391671619244e-14,-5.218045318625895,-85.01795810234475,0,0.0745
14.966666666666624,842.1322323929678,66.6835811955666,1.836125216549023e-13,11.012027939429483,-169.48976002863802,1.2820391671619244e-14,-5.226293529068025,-87.63213134401029,0,0.0745
14.999999999999957,842.4934840201134,60.9335069994129,1.8403986804395628e-13,10.837548814369866,-172.50222588461125,1.2820391671619244e-14,-5.23437375178851,-90.37397567919716,0,0.0745
15.03333333333329,842.8489108889795,55.07981960900472,1.8446721443301025e-13,10.662806065982188,-175.6106217122453,1.2820391671619244e-14,-5.2422824516302935,-93.25187482902166,0,0.0745
15.066666666666624,843.1985044067633,49.119160096127224,1.8489456082206422e-13,10.487805533511626,-178.8197853863249,1.2820391671619244e-14,-5.2500159741168915,-96.2749102223882,0,0.0745
15.099999999999957,843.5422561795092,43.04799732586706,1.853219072111182e-13,10.312553182378846,-182.13488310780502,1.2820391671619244e-14,-5.257570533983427,-99.45293164440375,0,0.0745
15.13333333333329,843.8801580164745,36.86261607077136,1.8574925360017216e-13,10.137055108960604,-185.56143765287095,1.2820391671619244e-14,-5.264942202547259,-102.79663635197795,0,0.0745
15.166666666666623,844.212201934669,30.559104084749194,1.8617659998922613e-13,9.96131754583461,-189.10535958066495,1.2820391671619244e-14,-5.272126893779827,-106.31765783382028,0,0.0745
15.199999999999957,844.5383801635869,24.133338025861438,1.866039463782801e-13,9.785346867537202,-192.7729817666327,1.2820391671619244e-14,-5.279120348922259,-110.02866557903268,0,0.0745
15.23333333333329,844.8586851501499,17.580968103152557,1.8703129276733407e-13,9.609149596888361,-196.57109768126642,1.2820391671619244e-14,-5.285918119465226,-113.94347743901115,0,0.0745
15.266666666666623,845.1731095638814,10.897401306634638,1.8745863915638804e-13,9.432732411945427,-200.50700389553757,1.2820391671619244e-14,-5.292515548288025,-118.07718642813461,0,0.0745
15.299999999999956,845.4816463023366,4.077783061096778,1.87885985545442e-13,9.256102153654691,-204.58854736613583,1.2820391671619244e-14,-5.298907748722058,-122.44630411794779,0,0.0745
15.33333333333329,845.7842884968126,-2.88302287682699,1.8831333193449598e-13,9.079265834279049,-208.82417813771303,1.2820391671619244e-14,-5.3050895812692715,-127.0689231473161,0,0.0745
